"Account","Invoice Number","Invoice Date","Invoice Type","Status","Payment Due Date","Created By","Invoice Amount","Invoice Currency","Exchange Rate To USD","Invoice Date Of Issue","Proforma","Exported","Billing Centre"
"PSMBN","Liq038490","2025-01-31","aviation-noniata","PUBLISHED","2025-02-28","Veronica Villano","1,310.07","USD","1.00000","2025-02-18","false","false","EANA Central"
"N888HK","Liq038489","2025-01-31","aviation-noniata","PUBLISHED","2025-02-28","Veronica Villano","2,118.97","USD","1.00000","2025-02-18","false","false","EANA Central"
"N745TB","Liq038488","2025-01-31","aviation-noniata","PUBLISHED","2025-02-28","Veronica Villano","16.14","USD","1.00000","2025-02-18","false","false","EANA Central"
"N745TB","Liq038487","2025-01-31","aviation-noniata","PUBLISHED","2025-02-28","Veronica Villano","3,680.50","ARS","1.00000","2025-02-18","false","false","EANA Central"
"N696JS","Liq038486","2025-01-31","aviation-noniata","PUBLISHED","2025-02-28","Veronica Villano","1,177.46","USD","1.00000","2025-02-18","false","false","EANA Central"
"N696JS","Liq038485","2025-01-31","aviation-noniata","PUBLISHED","2025-02-28","Veronica Villano","12,632.22","ARS","1.00000","2025-02-18","false","false","EANA Central"
"N636JS","Liq038484","2025-01-31","aviation-noniata","PUBLISHED","2025-02-28","Veronica Villano","1,502.74","USD","1.00000","2025-02-18","false","false","EANA Central"
"N581JD","Liq038483","2025-01-31","aviation-noniata","PUBLISHED","2025-02-28","Veronica Villano","24.29","USD","1.00000","2025-02-18","false","false","EANA Central"
"N500FH","Liq038482","2025-01-31","aviation-noniata","PUBLISHED","2025-02-28","Veronica Villano","23.91","USD","1.00000","2025-02-18","false","false","EANA Central"
"N16MF","Liq038481","2025-01-31","aviation-noniata","PUBLISHED","2025-02-28","Veronica Villano","1,080.33","USD","1.00000","2025-02-18","false","false","EANA Central"
"CGLMM","Liq038480","2025-01-31","aviation-noniata","PUBLISHED","2025-02-28","Veronica Villano","286.24","USD","1.00000","2025-02-18","false","false","EANA Central"
"N229KM","Liq038479","2025-01-31","aviation-noniata","PUBLISHED","2025-02-28","Veronica Villano","577.88","USD","1.00000","2025-02-18","false","false","EANA Central"
"KENN BOREK AIR LTD","Liq038478","2025-01-31","aviation-noniata","PUBLISHED","2025-02-28","Veronica Villano","899.99","USD","1.00000","2025-02-18","false","false","EANA Central"
"CCCEZ","Liq038477","2025-01-31","aviation-noniata","PUBLISHED","2025-02-28","Veronica Villano","67.37","USD","1.00000","2025-02-18","false","false","EANA Central"
"N605RB","Liq038476","2025-01-31","aviation-noniata","PUBLISHED","2025-02-28","Veronica Villano","141.80","USD","1.00000","2025-02-18","false","false","EANA Central"
"N32847","Liq038475","2025-01-31","aviation-noniata","PUBLISHED","2025-02-28","Veronica Villano","49.52","USD","1.00000","2025-02-18","false","false","EANA Central"
"N32847","Liq038474","2025-01-31","aviation-noniata","PUBLISHED","2025-02-28","Veronica Villano","233.26","ARS","1.00000","2025-02-18","false","false","EANA Central"
"N1162G","Liq038473","2025-01-31","aviation-noniata","PUBLISHED","2025-02-28","Veronica Villano","40.08","USD","1.00000","2025-02-18","false","false","EANA Central"
"N1162G","Liq038472","2025-01-31","aviation-noniata","PUBLISHED","2025-02-28","Veronica Villano","78.24","ARS","1.00000","2025-02-18","false","false","EANA Central"
"LVWDR","Liq038471","2025-01-31","aviation-noniata","PUBLISHED","2025-02-28","Veronica Villano","63.13","USD","1.00000","2025-02-18","false","false","EANA Central"
"LVWDR","Liq038470","2025-01-31","aviation-noniata","PUBLISHED","2025-02-28","Veronica Villano","46.72","ARS","1.00000","2025-02-18","false","false","EANA Central"
"LVJWC","Liq038469","2025-01-31","aviation-noniata","PUBLISHED","2025-02-28","Veronica Villano","1,680.45","ARS","1.00000","2025-02-18","false","false","EANA Central"
"PSDMF","Liq038468","2025-01-31","aviation-noniata","PUBLISHED","2025-02-28","Gonzalo Riccardi","944.96","USD","1.00000","2025-02-18","false","false","EANA Central"
"LVGQM","Liq038467","2025-01-31","aviation-noniata","PUBLISHED","2025-02-28","Veronica Villano","5,035.36","ARS","1.00000","2025-02-18","false","false","EANA Central"
"LVBSO","Liq038466","2025-01-31","aviation-noniata","PUBLISHED","2025-02-28","Veronica Villano","663.90","ARS","1.00000","2025-02-18","false","false","EANA Central"
"ZPBGX","Liq038465","2025-01-31","aviation-noniata","PUBLISHED","2025-02-28","Micaela Soto","110.14","USD","1.00000","2025-02-18","false","false","EANA Central"
"ZPBGX","Liq038464","2025-01-31","aviation-noniata","PUBLISHED","2025-02-28","Micaela Soto","111.40","ARS","1.00000","2025-02-18","false","false","EANA Central"
"LVGQW","Liq038463","2025-01-31","aviation-noniata","PUBLISHED","2025-02-28","Micaela Soto","368.50","USD","1.00000","2025-02-18","false","false","EANA Central"
"ZPDSA","Liq038462","2025-01-31","aviation-noniata","PUBLISHED","2025-02-28","Micaela Soto","212.31","USD","1.00000","2025-02-18","false","false","EANA Central"
"PSWRL","Liq038461","2025-01-31","aviation-noniata","PUBLISHED","2025-02-28","Micaela Soto","44.93","USD","1.00000","2025-02-18","false","false","EANA Central"
"PSWRL","Liq038460","2025-01-31","aviation-noniata","PUBLISHED","2025-02-28","Micaela Soto","1,631.15","ARS","1.00000","2025-02-18","false","false","EANA Central"
"PRESIDENTIAL AVIATION","Liq038459","2025-01-31","aviation-noniata","PUBLISHED","2025-02-28","Micaela Soto","914.19","USD","1.00000","2025-02-18","false","false","EANA Central"
"PRESIDENTIAL AVIATION","Liq038458","2025-01-31","aviation-noniata","PUBLISHED","2025-02-28","Micaela Soto","927.17","USD","1.00000","2025-02-18","false","false","EANA Central"
"PPZAO","Liq038457","2025-01-31","aviation-noniata","PUBLISHED","2025-02-28","Micaela Soto","31.10","USD","1.00000","2025-02-18","false","false","EANA Central"
"PRCSW","Liq038456","2025-01-31","aviation-noniata","PUBLISHED","2025-02-28","Gonzalo Riccardi","238.39","ARS","1.00000","2025-02-18","false","false","EANA Central"
"PPZAO","Liq038455","2025-01-31","aviation-noniata","PUBLISHED","2025-02-28","Micaela Soto","90.07","ARS","1.00000","2025-02-18","false","false","EANA Central"
"PRCSW","Liq038454","2025-01-31","aviation-noniata","PUBLISHED","2025-02-28","Gonzalo Riccardi","48.53","USD","1.00000","2025-02-18","false","false","EANA Central"
"N8876D","Liq038453","2025-01-31","aviation-noniata","PUBLISHED","2025-02-28","Micaela Soto","6,066.37","ARS","1.00000","2025-02-18","false","false","EANA Central"
"LVBFE","Liq038452","2025-01-31","aviation-noniata","PUBLISHED","2025-02-28","Veronica Villano","2,478.17","ARS","1.00000","2025-02-18","false","false","EANA Central"
"N662CS","Liq038451","2025-01-31","aviation-noniata","PUBLISHED","2025-02-28","Micaela Soto","11.69","USD","1.00000","2025-02-18","false","false","EANA Central"
"N662CS","Liq038450","2025-01-31","aviation-noniata","PUBLISHED","2025-02-28","Micaela Soto","115.52","ARS","1.00000","2025-02-18","false","false","EANA Central"
"DAGBF","Liq038449","2025-01-31","aviation-noniata","PUBLISHED","2025-02-28","Veronica Villano","1,003.35","USD","1.00000","2025-02-18","false","false","EANA Central"
"N3716U","Liq038448","2025-01-31","aviation-noniata","PUBLISHED","2025-02-28","Micaela Soto","16.68","USD","1.00000","2025-02-18","false","false","EANA Central"
"P4WWS","Liq038447","2025-01-31","aviation-noniata","PUBLISHED","2025-02-28","Gonzalo Riccardi","1,873.55","USD","1.00000","2025-02-18","false","false","EANA Central"
"N1956M","Liq038446","2025-01-31","aviation-noniata","PUBLISHED","2025-02-28","Micaela Soto","2,334.27","USD","1.00000","2025-02-18","false","false","EANA Central"
"LVWTP","Liq038445","2025-01-31","aviation-noniata","PUBLISHED","2025-02-28","Micaela Soto","1,835.25","USD","1.00000","2025-02-18","false","false","EANA Central"
"CXPAT","Liq038444","2025-01-31","aviation-noniata","PUBLISHED","2025-02-28","Veronica Villano","20.80","USD","1.00000","2025-02-18","false","false","EANA Central"
"N706GD","Liq038443","2025-01-31","aviation-noniata","PUBLISHED","2025-02-28","Gonzalo Riccardi","1,315.28","USD","1.00000","2025-02-18","false","false","EANA Central"
"LVKDI","Liq038442","2025-01-31","aviation-noniata","PUBLISHED","2025-02-28","Gonzalo Riccardi","145.49","USD","1.00000","2025-02-18","false","false","EANA Central"
"LVIRQ","Liq038441","2025-01-31","aviation-noniata","PUBLISHED","2025-02-28","Gonzalo Riccardi","1,205.77","ARS","1.00000","2025-02-18","false","false","EANA Central"
"CXPAT","Liq038440","2025-01-31","aviation-noniata","PUBLISHED","2025-02-28","Veronica Villano","38.84","ARS","1.00000","2025-02-18","false","false","EANA Central"
"LVCTT","Liq038439","2025-01-31","aviation-noniata","PUBLISHED","2025-02-28","Gonzalo Riccardi","202.56","USD","1.00000","2025-02-18","false","false","EANA Central"
"SPARFELL LUFTFAHRT","Liq038438","2025-01-31","aviation-noniata","PUBLISHED","2025-02-28","Gonzalo Riccardi","1,364.58","USD","1.00000","2025-02-18","false","false","EANA Central"
"SPARFELL LUFTFAHRT","Liq038437","2025-01-31","aviation-noniata","PUBLISHED","2025-02-28","Gonzalo Riccardi","126.63","USD","1.00000","2025-02-18","false","false","EANA Central"
"LVWTP","Liq038436","2025-01-31","aviation-noniata","PUBLISHED","2025-02-28","Micaela Soto","2,347.07","ARS","1.00000","2025-02-18","false","false","EANA Central"
"SKY AIRLINE PERÚ","Liq038435","2025-01-31","aviation-noniata","PUBLISHED","2025-02-28","Gonzalo Riccardi","200,838.08","USD","1.00000","2025-02-18","false","false","EANA Central"
"LVKFB","Liq038434","2025-01-31","aviation-noniata","PUBLISHED","2025-02-28","Micaela Soto","563.90","ARS","1.00000","2025-02-18","false","false","EANA Central"
"LVGQW","Liq038433","2025-01-31","aviation-noniata","PUBLISHED","2025-02-28","Micaela Soto","1,818.40","ARS","1.00000","2025-02-18","false","false","EANA Central"
"LVCTE","Liq038432","2025-01-31","aviation-noniata","PUBLISHED","2025-02-28","Micaela Soto","1,781.25","USD","1.00000","2025-02-18","false","false","EANA Central"
"ANDES LÍNEAS AÉREAS S.A.","Liq038431","2025-01-31","aviation-noniata","PUBLISHED","2025-02-28","Veronica Villano","10,186.07","ARS","1.00000","2025-02-18","false","false","EANA Central"
"LVCTE","Liq038430","2025-01-31","aviation-noniata","PUBLISHED","2025-02-28","Micaela Soto","14,881.96","ARS","1.00000","2025-02-18","false","false","EANA Central"
"SERVICIOS AEREOS SUDAMERICANOS","Liq038429","2025-01-31","aviation-noniata","PUBLISHED","2025-02-28","Gonzalo Riccardi","1,372.15","USD","1.00000","2025-02-18","false","false","EANA Central"
"LVCAZ","Liq038428","2025-01-31","aviation-noniata","PUBLISHED","2025-02-28","Micaela Soto","9,133.16","ARS","1.00000","2025-02-18","false","false","EANA Central"
"LVBIU","Liq038427","2025-01-31","aviation-noniata","PUBLISHED","2025-02-28","Micaela Soto","191.08","ARS","1.00000","2025-02-18","false","false","EANA Central"
"CXPII","Liq038426","2025-01-31","aviation-noniata","PUBLISHED","2025-02-28","Micaela Soto","22.25","USD","1.00000","2025-02-18","false","false","EANA Central"
"CXPII","Liq038425","2025-01-31","aviation-noniata","PUBLISHED","2025-02-28","Micaela Soto","54.64","ARS","1.00000","2025-02-18","false","false","EANA Central"
"JETSMART AIRLINES S.A.","Liq038424","2025-01-31","aviation-noniata","PUBLISHED","2025-02-28","Gonzalo Riccardi","29,367.40","USD","1.00000","2025-02-18","false","false","EANA Central"
"ETHIOPIAN AIRLINES ENTERPRISE","Liq038423","2025-01-31","aviation-noniata","PUBLISHED","2025-02-28","Gonzalo Riccardi","86,694.34","USD","1.00000","2025-02-18","false","false","EANA Central"
"AEROLINEAS ARGENTINAS","Liq038422","2025-01-31","aviation-noniata","PUBLISHED","2025-02-28","Micaela Soto","1,786.81","USD","1.00000","2025-02-18","false","false","EANA Central"
"CXCSA","Liq038421","2025-01-31","aviation-noniata","PUBLISHED","2025-02-28","Gloria Falappa","8.75","USD","1.00000","2025-02-18","false","false","EANA Central"
"N545RS","Liq038420","2025-01-31","aviation-noniata","PUBLISHED","2025-02-28","Gloria Falappa","23.91","USD","1.00000","2025-02-18","false","false","EANA Central"
"N404NA","Liq038419","2025-01-31","aviation-noniata","PUBLISHED","2025-02-28","Gloria Falappa","1,224.68","USD","1.00000","2025-02-18","false","false","EANA Central"
"N3333N","Liq038418","2025-01-31","aviation-noniata","PUBLISHED","2025-02-28","Gloria Falappa","68.50","USD","1.00000","2025-02-18","false","false","EANA Central"
"N3333N","Liq038417","2025-01-31","aviation-noniata","PUBLISHED","2025-02-28","Gloria Falappa","1,099.87","ARS","1.00000","2025-02-18","false","false","EANA Central"
"N150YD","Liq038416","2025-01-31","aviation-noniata","PUBLISHED","2025-02-28","Gloria Falappa","37,339.43","ARS","1.00000","2025-02-18","false","false","EANA Central"
"N1110K","Liq038415","2025-01-31","aviation-noniata","PUBLISHED","2025-02-28","Gloria Falappa","37.52","USD","1.00000","2025-02-18","false","false","EANA Central"
"LVWJN","Liq038414","2025-01-31","aviation-noniata","PUBLISHED","2025-02-28","Gloria Falappa","154.30","USD","1.00000","2025-02-18","false","false","EANA Central"
"LVWJN","Liq038413","2025-01-31","aviation-noniata","PUBLISHED","2025-02-28","Gloria Falappa","879.48","ARS","1.00000","2025-02-18","false","false","EANA Central"
"LVKKV","Liq038412","2025-01-31","aviation-noniata","PUBLISHED","2025-02-28","Gloria Falappa","1,017.80","ARS","1.00000","2025-02-18","false","false","EANA Central"
"LVKJY","Liq038411","2025-01-31","aviation-noniata","PUBLISHED","2025-02-28","Gloria Falappa","1,648.73","ARS","1.00000","2025-02-18","false","false","EANA Central"
"LVKJH","Liq038410","2025-01-31","aviation-noniata","PUBLISHED","2025-02-28","Gloria Falappa","48.68","USD","1.00000","2025-02-18","false","false","EANA Central"
"LVKJH","Liq038409","2025-01-31","aviation-noniata","PUBLISHED","2025-02-28","Gloria Falappa","216.22","USD","1.00000","2025-02-18","false","false","EANA Central"
"LVKBY","Liq038408","2025-01-31","aviation-noniata","PUBLISHED","2025-02-28","Gloria Falappa","271.17","ARS","1.00000","2025-02-18","false","false","EANA Central"
"ZPUX021","Liq038407","2025-01-31","aviation-noniata","PUBLISHED","2025-02-28","Veronica Villano","9.18","ARS","1.00000","2025-02-18","false","false","EANA Central"
"LVJKD","Liq038406","2025-01-31","aviation-noniata","PUBLISHED","2025-02-28","Gloria Falappa","59.97","USD","1.00000","2025-02-18","false","false","EANA Central"
"LVJKD","Liq038405","2025-01-31","aviation-noniata","PUBLISHED","2025-02-28","Gloria Falappa","1,550.76","ARS","1.00000","2025-02-18","false","false","EANA Central"
"ZPGVA","Liq038404","2025-01-31","aviation-noniata","PUBLISHED","2025-02-28","Veronica Villano","28.57","USD","1.00000","2025-02-18","false","false","EANA Central"
"LVIWV","Liq038403","2025-01-31","aviation-noniata","PUBLISHED","2025-02-28","Gloria Falappa","1,137.77","USD","1.00000","2025-02-18","false","false","EANA Central"
"ZPGAQ","Liq038402","2025-01-31","aviation-noniata","PUBLISHED","2025-02-28","Veronica Villano","140.74","USD","1.00000","2025-02-18","false","false","EANA Central"
"ZPBZP","Liq038401","2025-01-31","aviation-noniata","PUBLISHED","2025-02-28","Veronica Villano","177.70","USD","1.00000","2025-02-18","false","false","EANA Central"
"LVIWV","Liq038400","2025-01-31","aviation-noniata","PUBLISHED","2025-02-28","Gloria Falappa","7,462.98","ARS","1.00000","2025-02-18","false","false","EANA Central"
"ZPBRS","Liq038399","2025-01-31","aviation-noniata","PUBLISHED","2025-02-28","Veronica Villano","74.50","USD","1.00000","2025-02-18","false","false","EANA Central"
"ZPBRI","Liq038398","2025-01-31","aviation-noniata","PUBLISHED","2025-02-28","Veronica Villano","40.81","USD","1.00000","2025-02-18","false","false","EANA Central"
"LVIQU","Liq038397","2025-01-31","aviation-noniata","PUBLISHED","2025-02-28","Gloria Falappa","26.01","ARS","1.00000","2025-02-18","false","false","EANA Central"
"LVHWZ","Liq038396","2025-01-31","aviation-noniata","PUBLISHED","2025-02-28","Gloria Falappa","589.78","USD","1.00000","2025-02-18","false","false","EANA Central"
"ZPBRC","Liq038395","2025-01-31","aviation-noniata","PUBLISHED","2025-02-28","Veronica Villano","69.24","USD","1.00000","2025-02-18","false","false","EANA Central"
"LVHWZ","Liq038394","2025-01-31","aviation-noniata","PUBLISHED","2025-02-28","Gloria Falappa","4,200.13","ARS","1.00000","2025-02-18","false","false","EANA Central"
"ZPBOH","Liq038393","2025-01-31","aviation-noniata","PUBLISHED","2025-02-28","Veronica Villano","69.66","USD","1.00000","2025-02-18","false","false","EANA Central"
"ZPBOG","Liq038392","2025-01-31","aviation-noniata","PUBLISHED","2025-02-28","Veronica Villano","2,389.79","USD","1.00000","2025-02-18","false","false","EANA Central"
"ZPBOG","Liq038391","2025-01-31","aviation-noniata","PUBLISHED","2025-02-28","Veronica Villano","1,157.52","ARS","1.00000","2025-02-18","false","false","EANA Central"
"ZPBHR","Liq038390","2025-01-31","aviation-noniata","PUBLISHED","2025-02-28","Veronica Villano","45.08","USD","1.00000","2025-02-18","false","false","EANA Central"
"ZPBHQ","Liq038389","2025-01-31","aviation-noniata","PUBLISHED","2025-02-28","Veronica Villano","9.23","USD","1.00000","2025-02-18","false","false","EANA Central"
"ZPBGV","Liq038388","2025-01-31","aviation-noniata","PUBLISHED","2025-02-28","Veronica Villano","40.96","USD","1.00000","2025-02-18","false","false","EANA Central"
"LVHKT","Liq038387","2025-01-31","aviation-noniata","PUBLISHED","2025-02-28","Gloria Falappa","468.84","ARS","1.00000","2025-02-18","false","false","EANA Central"
"T7SUE","Liq038386","2025-01-31","aviation-noniata","PUBLISHED","2025-02-28","Veronica Villano","1,004.51","USD","1.00000","2025-02-18","false","false","EANA Central"
"LVCQA","Liq038385","2025-01-31","aviation-noniata","PUBLISHED","2025-02-28","Gloria Falappa","261.79","USD","1.00000","2025-02-18","false","false","EANA Central"
"LVCQA","Liq038384","2025-01-31","aviation-noniata","PUBLISHED","2025-02-28","Gloria Falappa","4,967.16","ARS","1.00000","2025-02-18","false","false","EANA Central"
"PTTSR","Liq038383","2025-01-31","aviation-noniata","PUBLISHED","2025-02-28","Veronica Villano","46.48","USD","1.00000","2025-02-18","false","false","EANA Central"
"PSVIX","Liq038382","2025-01-31","aviation-noniata","PUBLISHED","2025-02-28","Veronica Villano","51.07","USD","1.00000","2025-02-18","false","false","EANA Central"
"PSVIX","Liq038381","2025-01-31","aviation-noniata","PUBLISHED","2025-02-28","Veronica Villano","488.82","ARS","1.00000","2025-02-18","false","false","EANA Central"
"PSRVX","Liq038380","2025-01-31","aviation-noniata","PUBLISHED","2025-02-28","Veronica Villano","47.09","USD","1.00000","2025-02-18","false","false","EANA Central"
"LVCNJ","Liq038379","2025-01-31","aviation-noniata","PUBLISHED","2025-02-28","Gloria Falappa","401.98","USD","1.00000","2025-02-18","false","false","EANA Central"
"PSPBH","Liq038378","2025-01-31","aviation-noniata","PUBLISHED","2025-02-28","Veronica Villano","62.29","USD","1.00000","2025-02-18","false","false","EANA Central"
"LVCNJ","Liq038377","2025-01-31","aviation-noniata","PUBLISHED","2025-02-28","Gloria Falappa","1,962.17","ARS","1.00000","2025-02-18","false","false","EANA Central"
"PRARC","Liq038376","2025-01-31","aviation-noniata","PUBLISHED","2025-02-28","Veronica Villano","300.08","USD","1.00000","2025-02-18","false","false","EANA Central"
"LVCIO","Liq038375","2025-01-31","aviation-noniata","PUBLISHED","2025-02-28","Gloria Falappa","1,207.20","ARS","1.00000","2025-02-18","false","false","EANA Central"
"PPNFI","Liq038374","2025-01-31","aviation-noniata","PUBLISHED","2025-02-28","Veronica Villano","118.31","USD","1.00000","2025-02-18","false","false","EANA Central"
"PPJDB","Liq038373","2025-01-31","aviation-noniata","PUBLISHED","2025-02-28","Veronica Villano","85.12","USD","1.00000","2025-02-18","false","false","EANA Central"
"PPJDB","Liq038372","2025-01-31","aviation-noniata","PUBLISHED","2025-02-28","Veronica Villano","1,122.50","ARS","1.00000","2025-02-18","false","false","EANA Central"
"N931SB","Liq038371","2025-01-31","aviation-noniata","PUBLISHED","2025-02-28","Veronica Villano","71.99","USD","1.00000","2025-02-18","false","false","EANA Central"
"N9280P","Liq038370","2025-01-31","aviation-noniata","PUBLISHED","2025-02-28","Veronica Villano","84.05","ARS","1.00000","2025-02-18","false","false","EANA Central"
"N876G","Liq038369","2025-01-31","aviation-noniata","PUBLISHED","2025-02-28","Veronica Villano","343.00","USD","1.00000","2025-02-18","false","false","EANA Central"
"AEROLINEAS ARGENTINAS","Liq038368","2025-01-31","aviation-noniata","PUBLISHED","2025-02-27","Micaela Soto","60,803,220.96","ARS","1.00000","2025-02-17","false","false","EANA Central"
"LVCED","Liq038367","2025-01-31","aviation-noniata","PUBLISHED","2025-02-27","Gloria Falappa","456.72","USD","1.00000","2025-02-17","false","false","EANA Central"
"LVCED","Liq038366","2025-01-31","aviation-noniata","PUBLISHED","2025-02-27","Gloria Falappa","424.55","ARS","1.00000","2025-02-17","false","false","EANA Central"
"LVBXV","Liq038365","2025-01-31","aviation-noniata","PUBLISHED","2025-02-27","Gloria Falappa","176.03","USD","1.00000","2025-02-17","false","false","EANA Central"
"LVKKF","Liq038364","2025-01-31","aviation-noniata","PUBLISHED","2025-02-27","Gonzalo Riccardi","2,408.78","USD","1.00000","2025-02-17","false","false","EANA Central"
"LVBXV","Liq038363","2025-01-31","aviation-noniata","PUBLISHED","2025-02-27","Gloria Falappa","1,055.82","ARS","1.00000","2025-02-17","false","false","EANA Central"
"ZPBHP","Liq038362","2025-01-31","aviation-noniata","PUBLISHED","2025-02-27","Gonzalo Riccardi","608.05","ARS","1.00000","2025-02-17","false","false","EANA Central"
"LVBTO","Liq038361","2025-01-31","aviation-noniata","PUBLISHED","2025-02-27","Gloria Falappa","426.59","USD","1.00000","2025-02-17","false","false","EANA Central"
"ZPBHP","Liq038360","2025-01-31","aviation-noniata","PUBLISHED","2025-02-27","Gonzalo Riccardi","111.82","USD","1.00000","2025-02-17","false","false","EANA Central"
"CXESG","Liq038359","2025-01-31","aviation-noniata","PUBLISHED","2025-02-27","Gonzalo Riccardi","465.96","USD","1.00000","2025-02-17","false","false","EANA Central"
"LVBTO","Liq038358","2025-01-31","aviation-noniata","PUBLISHED","2025-02-27","Gloria Falappa","753.11","ARS","1.00000","2025-02-17","false","false","EANA Central"
"LVBTF","Liq038357","2025-01-31","aviation-noniata","PUBLISHED","2025-02-27","Gloria Falappa","1,003.59","ARS","1.00000","2025-02-17","false","false","EANA Central"
"LVGIC","Liq038356","2025-01-31","aviation-noniata","PUBLISHED","2025-02-27","Gonzalo Riccardi","2,432.92","ARS","1.00000","2025-02-17","false","false","EANA Central"
"LVBSS","Liq038355","2025-01-31","aviation-noniata","PUBLISHED","2025-02-27","Gloria Falappa","494.63","USD","1.00000","2025-02-17","false","false","EANA Central"
"LVBOX","Liq038354","2025-01-31","aviation-noniata","PUBLISHED","2025-02-27","Gloria Falappa","3,959.74","ARS","1.00000","2025-02-17","false","false","EANA Central"
"N85MV","Liq038353","2025-01-31","aviation-noniata","PUBLISHED","2025-02-27","Veronica Villano","336.93","USD","1.00000","2025-02-17","false","false","EANA Central"
"LVBFM","Liq038352","2025-01-31","aviation-noniata","PUBLISHED","2025-02-27","Gloria Falappa","36.77","USD","1.00000","2025-02-17","false","false","EANA Central"
"LVBFM","Liq038351","2025-01-31","aviation-noniata","PUBLISHED","2025-02-27","Gloria Falappa","810.03","ARS","1.00000","2025-02-17","false","false","EANA Central"
"N82FG","Liq038350","2025-01-31","aviation-noniata","PUBLISHED","2025-02-27","Veronica Villano","82.51","USD","1.00000","2025-02-17","false","false","EANA Central"
"LVBCO","Liq038349","2025-01-31","aviation-noniata","PUBLISHED","2025-02-27","Gloria Falappa","325.30","USD","1.00000","2025-02-17","false","false","EANA Central"
"DANRI","Liq038348","2025-01-31","aviation-noniata","PUBLISHED","2025-02-27","Gloria Falappa","6,715.47","USD","1.00000","2025-02-17","false","false","EANA Central"
"N782CC","Liq038347","2025-01-31","aviation-noniata","PUBLISHED","2025-02-27","Veronica Villano","462.74","USD","1.00000","2025-02-17","false","false","EANA Central"
"CXPGZ","Liq038346","2025-01-31","aviation-noniata","PUBLISHED","2025-02-27","Gloria Falappa","11.26","USD","1.00000","2025-02-17","false","false","EANA Central"
"CXPGZ","Liq038345","2025-01-31","aviation-noniata","PUBLISHED","2025-02-27","Gloria Falappa","316.31","ARS","1.00000","2025-02-17","false","false","EANA Central"
"CXPBO","Liq038344","2025-01-31","aviation-noniata","PUBLISHED","2025-02-27","Gloria Falappa","118.80","USD","1.00000","2025-02-17","false","false","EANA Central"
"N782CC","Liq038343","2025-01-31","aviation-noniata","PUBLISHED","2025-02-27","Veronica Villano","447.09","USD","1.00000","2025-02-17","false","false","EANA Central"
"CXPBO","Liq038342","2025-01-31","aviation-noniata","PUBLISHED","2025-02-27","Gloria Falappa","313.52","ARS","1.00000","2025-02-17","false","false","EANA Central"
"CXMYP","Liq038341","2025-01-31","aviation-noniata","PUBLISHED","2025-02-27","Gloria Falappa","33.38","USD","1.00000","2025-02-17","false","false","EANA Central"
"CXINE","Liq038340","2025-01-31","aviation-noniata","PUBLISHED","2025-02-27","Gloria Falappa","103.40","USD","1.00000","2025-02-17","false","false","EANA Central"
"N762PV","Liq038339","2025-01-31","aviation-noniata","PUBLISHED","2025-02-27","Veronica Villano","325.26","USD","1.00000","2025-02-17","false","false","EANA Central"
"N762PV","Liq038338","2025-01-31","aviation-noniata","PUBLISHED","2025-02-27","Veronica Villano","56.36","USD","1.00000","2025-02-17","false","false","EANA Central"
"CXECS","Liq038337","2025-01-31","aviation-noniata","PUBLISHED","2025-02-27","Gloria Falappa","29.58","USD","1.00000","2025-02-17","false","false","EANA Central"
"N721FH","Liq038336","2025-01-31","aviation-noniata","PUBLISHED","2025-02-27","Veronica Villano","99.16","ARS","1.00000","2025-02-17","false","false","EANA Central"
"CXDOL","Liq038335","2025-01-31","aviation-noniata","PUBLISHED","2025-02-27","Gloria Falappa","29.58","USD","1.00000","2025-02-17","false","false","EANA Central"
"N721FH","Liq038334","2025-01-31","aviation-noniata","PUBLISHED","2025-02-27","Veronica Villano","298.35","USD","1.00000","2025-02-17","false","false","EANA Central"
"ZPX048","Liq038333","2025-01-31","aviation-noniata","PUBLISHED","2025-02-27","Micaela Soto","73.79","USD","1.00000","2025-02-17","false","false","EANA Central"
"ZPX048","Liq038332","2025-01-31","aviation-noniata","PUBLISHED","2025-02-27","Micaela Soto","278.61","ARS","1.00000","2025-02-17","false","false","EANA Central"
"ZPGCH","Liq038331","2025-01-31","aviation-noniata","PUBLISHED","2025-02-27","Micaela Soto","42.61","USD","1.00000","2025-02-17","false","false","EANA Central"
"CP3212","Liq038330","2025-01-31","aviation-noniata","PUBLISHED","2025-02-27","Gloria Falappa","514.87","USD","1.00000","2025-02-17","false","false","EANA Central"
"ZPDCA","Liq038329","2025-01-31","aviation-noniata","PUBLISHED","2025-02-27","Micaela Soto","134.61","USD","1.00000","2025-02-17","false","false","EANA Central"
"ZPBSV","Liq038328","2025-01-31","aviation-noniata","PUBLISHED","2025-02-27","Micaela Soto","89.94","USD","1.00000","2025-02-17","false","false","EANA Central"
"ZPBMF","Liq038327","2025-01-31","aviation-noniata","PUBLISHED","2025-02-27","Micaela Soto","37.36","USD","1.00000","2025-02-17","false","false","EANA Central"
"ZPBIZ","Liq038326","2025-01-31","aviation-noniata","PUBLISHED","2025-02-27","Micaela Soto","253.78","USD","1.00000","2025-02-17","false","false","EANA Central"
"ZPBHD","Liq038325","2025-01-31","aviation-noniata","PUBLISHED","2025-02-27","Micaela Soto","117.70","USD","1.00000","2025-02-17","false","false","EANA Central"
"ZPBGT","Liq038324","2025-01-31","aviation-noniata","PUBLISHED","2025-02-27","Micaela Soto","206.18","USD","1.00000","2025-02-17","false","false","EANA Central"
"XASKA","Liq038323","2025-01-31","aviation-noniata","PUBLISHED","2025-02-27","Micaela Soto","240.65","USD","1.00000","2025-02-17","false","false","EANA Central"
"VPCLT","Liq038322","2025-01-31","aviation-noniata","PUBLISHED","2025-02-27","Micaela Soto","762.79","USD","1.00000","2025-02-17","false","false","EANA Central"
"VPCLT","Liq038321","2025-01-31","aviation-noniata","PUBLISHED","2025-02-27","Micaela Soto","12,455.13","ARS","1.00000","2025-02-17","false","false","EANA Central"
"T7CIPRI","Liq038320","2025-01-31","aviation-noniata","PUBLISHED","2025-02-27","Micaela Soto","485.41","USD","1.00000","2025-02-17","false","false","EANA Central"
"T7CIPRI","Liq038319","2025-01-31","aviation-noniata","PUBLISHED","2025-02-27","Micaela Soto","72.18","USD","1.00000","2025-02-17","false","false","EANA Central"
"T7169SE","Liq038318","2025-01-31","aviation-noniata","PUBLISHED","2025-02-27","Micaela Soto","407.83","ARS","1.00000","2025-02-17","false","false","EANA Central"
"PTZKW","Liq038317","2025-01-31","aviation-noniata","PUBLISHED","2025-02-27","Micaela Soto","27.17","USD","1.00000","2025-02-17","false","false","EANA Central"
"PSPER","Liq038316","2025-01-31","aviation-noniata","PUBLISHED","2025-02-27","Micaela Soto","24.42","USD","1.00000","2025-02-17","false","false","EANA Central"
"PSLUZ","Liq038315","2025-01-31","aviation-noniata","PUBLISHED","2025-02-27","Micaela Soto","104.06","USD","1.00000","2025-02-17","false","false","EANA Central"
"PSDRM","Liq038314","2025-01-31","aviation-noniata","PUBLISHED","2025-02-27","Micaela Soto","160.54","USD","1.00000","2025-02-17","false","false","EANA Central"
"PSDRM","Liq038313","2025-01-31","aviation-noniata","PUBLISHED","2025-02-27","Micaela Soto","378.05","ARS","1.00000","2025-02-17","false","false","EANA Central"
"PRGMM","Liq038312","2025-01-31","aviation-noniata","PUBLISHED","2025-02-27","Micaela Soto","16.14","USD","1.00000","2025-02-17","false","false","EANA Central"
"PRGMM","Liq038311","2025-01-31","aviation-noniata","PUBLISHED","2025-02-27","Micaela Soto","99.85","ARS","1.00000","2025-02-17","false","false","EANA Central"
"N959AW","Liq038310","2025-01-31","aviation-noniata","PUBLISHED","2025-02-27","Micaela Soto","721.36","USD","1.00000","2025-02-17","false","false","EANA Central"
"N959AW","Liq038309","2025-01-31","aviation-noniata","PUBLISHED","2025-02-27","Micaela Soto","11,687.48","ARS","1.00000","2025-02-17","false","false","EANA Central"
"N898WS","Liq038308","2025-01-31","aviation-noniata","PUBLISHED","2025-02-27","Micaela Soto","174.33","USD","1.00000","2025-02-17","false","false","EANA Central"
"N855MS","Liq038307","2025-01-31","aviation-noniata","PUBLISHED","2025-02-27","Micaela Soto","251.26","USD","1.00000","2025-02-17","false","false","EANA Central"
"N855MS","Liq038306","2025-01-31","aviation-noniata","PUBLISHED","2025-02-27","Micaela Soto","139.78","ARS","1.00000","2025-02-17","false","false","EANA Central"
"N72252","Liq038305","2025-01-31","aviation-noniata","PUBLISHED","2025-02-27","Micaela Soto","29.57","USD","1.00000","2025-02-17","false","false","EANA Central"
"N72252","Liq038304","2025-01-31","aviation-noniata","PUBLISHED","2025-02-27","Micaela Soto","16.18","ARS","1.00000","2025-02-17","false","false","EANA Central"
"N507AZ","Liq038303","2025-01-31","aviation-noniata","PUBLISHED","2025-02-27","Micaela Soto","5.95","USD","1.00000","2025-02-17","false","false","EANA Central"
"N507AZ","Liq038302","2025-01-31","aviation-noniata","PUBLISHED","2025-02-27","Micaela Soto","4.82","ARS","1.00000","2025-02-17","false","false","EANA Central"
"N421HG","Liq038301","2025-01-31","aviation-noniata","PUBLISHED","2025-02-27","Micaela Soto","44.11","USD","1.00000","2025-02-17","false","false","EANA Central"
"N230E","Liq038300","2025-01-31","aviation-noniata","PUBLISHED","2025-02-27","Micaela Soto","86.09","USD","1.00000","2025-02-17","false","false","EANA Central"
"2TIJL","Liq038299","2025-01-31","aviation-noniata","PUBLISHED","2025-02-27","Gloria Falappa","144.92","USD","1.00000","2025-02-17","false","false","EANA Central"
"2TIJL","Liq038298","2025-01-31","aviation-noniata","PUBLISHED","2025-02-27","Gloria Falappa","765.54","ARS","1.00000","2025-02-17","false","false","EANA Central"
"LVWGY","Liq038297","2025-01-31","aviation-noniata","PUBLISHED","2025-02-27","Gonzalo Riccardi","232.80","ARS","1.00000","2025-02-17","false","false","EANA Central"
"LVWGY","Liq038296","2025-01-31","aviation-noniata","PUBLISHED","2025-02-27","Gonzalo Riccardi","1,016.80","USD","1.00000","2025-02-17","false","false","EANA Central"
"LVKKF","Liq038295","2025-01-31","aviation-noniata","PUBLISHED","2025-02-27","Gonzalo Riccardi","3,831.50","ARS","1.00000","2025-02-17","false","false","EANA Central"
"LVKGF","Liq038294","2025-01-31","aviation-noniata","PUBLISHED","2025-02-27","Gonzalo Riccardi","1,144.55","ARS","1.00000","2025-02-17","false","false","EANA Central"
"LVKGF","Liq038293","2025-01-31","aviation-noniata","PUBLISHED","2025-02-27","Gonzalo Riccardi","717.57","USD","1.00000","2025-02-17","false","false","EANA Central"
"LVKCT","Liq038292","2025-01-31","aviation-noniata","PUBLISHED","2025-02-27","Gonzalo Riccardi","299.42","USD","1.00000","2025-02-17","false","false","EANA Central"
"LVKCT","Liq038291","2025-01-31","aviation-noniata","PUBLISHED","2025-02-27","Gonzalo Riccardi","8,469.66","ARS","1.00000","2025-02-17","false","false","EANA Central"
"LVJWN","Liq038290","2025-01-31","aviation-noniata","PUBLISHED","2025-02-27","Gonzalo Riccardi","1,679.90","ARS","1.00000","2025-02-17","false","false","EANA Central"
"LVJKU","Liq038289","2025-01-31","aviation-noniata","PUBLISHED","2025-02-27","Gonzalo Riccardi","11,312.31","ARS","1.00000","2025-02-17","false","false","EANA Central"
"LVGIC","Liq038288","2025-01-31","aviation-noniata","PUBLISHED","2025-02-27","Gonzalo Riccardi","29,661.67","ARS","1.00000","2025-02-17","false","false","EANA Central"
"LVCJG","Liq038287","2025-01-31","aviation-noniata","PUBLISHED","2025-02-27","Gonzalo Riccardi","561.91","USD","1.00000","2025-02-17","false","false","EANA Central"
"LVCBJ","Liq038286","2025-01-31","aviation-noniata","PUBLISHED","2025-02-27","Gonzalo Riccardi","61.64","USD","1.00000","2025-02-17","false","false","EANA Central"
"CXJBG","Liq038285","2025-01-31","aviation-noniata","PUBLISHED","2025-02-27","Gonzalo Riccardi","23.90","USD","1.00000","2025-02-17","false","false","EANA Central"
"N730HM","Liq038284","2025-01-31","aviation-noniata","PUBLISHED","2025-02-27","Gonzalo Riccardi","46,072.36","ARS","1.00000","2025-02-17","false","false","EANA Central"
"N680KS","Liq038283","2025-01-31","aviation-noniata","PUBLISHED","2025-02-27","Veronica Villano","616.86","USD","1.00000","2025-02-17","false","false","EANA Central"
"N54CU","Liq038282","2025-01-31","aviation-noniata","PUBLISHED","2025-02-27","Veronica Villano","51.23","USD","1.00000","2025-02-17","false","false","EANA Central"
"PUTNA","Liq038281","2025-01-31","aviation-noniata","PUBLISHED","2025-02-27","Gonzalo Riccardi","26.85","USD","1.00000","2025-02-17","false","false","EANA Central"
"PUTNA","Liq038280","2025-01-31","aviation-noniata","PUBLISHED","2025-02-27","Gonzalo Riccardi","99.44","ARS","1.00000","2025-02-17","false","false","EANA Central"
"CGG AVIATION","Liq038279","2025-01-31","aviation-noniata","PUBLISHED","2025-02-27","Gonzalo Riccardi","186.22","USD","1.00000","2025-02-17","false","false","EANA Central"
"AVIAJET S.A","Liq038278","2025-01-31","aviation-noniata","PUBLISHED","2025-02-27","Gonzalo Riccardi","17.22","ARS","1.00000","2025-02-17","false","false","EANA Central"
"ANDES LÍNEAS AÉREAS S.A.","Liq038277","2025-01-31","aviation-noniata","PUBLISHED","2025-02-27","Gonzalo Riccardi","38,987.16","USD","1.00000","2025-02-17","false","false","EANA Central"
"ANDES LÍNEAS AÉREAS S.A.","Liq038276","2025-01-31","aviation-noniata","PUBLISHED","2025-02-27","Gonzalo Riccardi","762,947.49","ARS","1.00000","2025-02-17","false","false","EANA Central"
"SWISS INTERNATIONAL AIRLINES LTD","Liq038275","2025-01-31","aviation-noniata","PUBLISHED","2025-02-27","Gonzalo Riccardi","11,092.77","USD","1.00000","2025-02-17","false","false","EANA Central"
"AEROVIAS DAP","Liq038274","2025-01-31","aviation-noniata","PUBLISHED","2025-02-27","Veronica Villano","14,092.63","USD","1.00000","2025-02-17","false","false","EANA Central"
"AEROVIAS DAP","Liq038273","2025-01-31","aviation-noniata","PUBLISHED","2025-02-27","Veronica Villano","195.59","USD","1.00000","2025-02-17","false","false","EANA Central"
"AIR EXPRESS S.A.","Liq038272","2025-01-31","aviation-noniata","PUBLISHED","2025-02-27","Gonzalo Riccardi","621.75","USD","1.00000","2025-02-17","false","false","EANA Central"
"AEROTAC","Liq038271","2025-01-31","aviation-noniata","PUBLISHED","2025-02-27","Veronica Villano","1,776.09","USD","1.00000","2025-02-17","false","false","EANA Central"
"AEROTAC","Liq038270","2025-01-31","aviation-noniata","PUBLISHED","2025-02-27","Veronica Villano","73.82","USD","1.00000","2025-02-17","false","false","EANA Central"
"AEROLINEAS ARGENTINAS","Liq038269","2025-01-31","aviation-noniata","PUBLISHED","2025-02-27","Micaela Soto","1,444,852.33","USD","1.00000","2025-02-17","false","false","EANA Central"
"AIR EXPRESS S.A.","Liq038268","2025-01-31","aviation-noniata","PUBLISHED","2025-02-27","Gonzalo Riccardi","42,245.71","USD","1.00000","2025-02-17","false","false","EANA Central"
"N230E","Liq038267","2025-01-31","aviation-noniata","PUBLISHED","2025-02-27","Micaela Soto","366.52","ARS","1.00000","2025-02-17","false","false","EANA Central"
"N214JG","Liq038266","2025-01-31","aviation-noniata","PUBLISHED","2025-02-27","Micaela Soto","25.07","USD","1.00000","2025-02-17","false","false","EANA Central"
"N18RU","Liq038265","2025-01-31","aviation-noniata","PUBLISHED","2025-02-27","Micaela Soto","1,322.14","USD","1.00000","2025-02-17","false","false","EANA Central"
"N101NY","Liq038264","2025-01-31","aviation-noniata","PUBLISHED","2025-02-27","Micaela Soto","526.70","USD","1.00000","2025-02-17","false","false","EANA Central"
"N101NY","Liq038263","2025-01-31","aviation-noniata","PUBLISHED","2025-02-27","Micaela Soto","3,750.57","ARS","1.00000","2025-02-17","false","false","EANA Central"
"LVYMB","Liq038262","2025-01-31","aviation-noniata","PUBLISHED","2025-02-27","Micaela Soto","3,815.22","ARS","1.00000","2025-02-17","false","false","EANA Central"
"LVKBZ","Liq038261","2025-01-31","aviation-noniata","PUBLISHED","2025-02-27","Micaela Soto","2,067.16","ARS","1.00000","2025-02-17","false","false","EANA Central"
"LVIWP","Liq038260","2025-01-31","aviation-noniata","PUBLISHED","2025-02-27","Micaela Soto","707.57","USD","1.00000","2025-02-17","false","false","EANA Central"
"LVIWP","Liq038259","2025-01-31","aviation-noniata","PUBLISHED","2025-02-27","Micaela Soto","1,612.94","USD","1.00000","2025-02-17","false","false","EANA Central"
"LVIRQ","Liq038258","2025-01-31","aviation-noniata","PUBLISHED","2025-02-27","Micaela Soto","1,069.64","USD","1.00000","2025-02-17","false","false","EANA Central"
"LVGQE","Liq038257","2025-01-31","aviation-noniata","PUBLISHED","2025-02-27","Micaela Soto","665.61","USD","1.00000","2025-02-17","false","false","EANA Central"
"FB LÍNEAS AÉREAS S.A.","Liq038256","2025-01-31","aviation-noniata","PUBLISHED","2025-02-24","Micaela Soto","62,840.58","USD","1.00000","2025-02-14","false","false","EANA Central"
"FB LÍNEAS AÉREAS S.A.","Liq038255","2025-01-31","aviation-noniata","PUBLISHED","2025-02-24","Micaela Soto","19,593,078.11","ARS","1.00000","2025-02-14","false","false","EANA Central"
"BAIRES FLY S.A.","Liq038254","2025-01-31","aviation-noniata","PUBLISHED","2025-02-24","Gonzalo Riccardi","1,392.60","USD","1.00000","2025-02-14","false","false","EANA Central"
"BAIRES FLY S.A.","Liq038253","2025-01-31","aviation-noniata","PUBLISHED","2025-02-24","Gonzalo Riccardi","295,967.44","ARS","1.00000","2025-02-14","false","false","EANA Central"
"BAIRES FLY S.A.","Liq038252","2025-01-31","aviation-noniata","PUBLISHED","2025-02-24","Gonzalo Riccardi","14,432.25","USD","1.00000","2025-02-14","false","false","EANA Central"
"MILENIUM AIR S.A.","Liq038251","2025-01-31","aviation-noniata","PUBLISHED","2025-02-24","Gonzalo Riccardi","4,482.58","ARS","1.00000","2025-02-14","false","false","EANA Central"
"LVFUT","Liq038250","2025-01-31","aviation-noniata","PUBLISHED","2025-02-24","Micaela Soto","208.85","USD","1.00000","2025-02-14","false","false","EANA Central"
"JETSMART AIRLINES S.A.","Liq038249","2025-01-31","aviation-noniata","PUBLISHED","2025-02-24","Gonzalo Riccardi","194,433.27","USD","1.00000","2025-02-14","false","false","EANA Central"
"JETSMART AIRLINES S.A.","Liq038248","2025-01-31","aviation-noniata","PUBLISHED","2025-02-24","Gonzalo Riccardi","14,907,278.43","ARS","1.00000","2025-02-14","false","false","EANA Central"
"LVFUT","Liq038247","2025-01-31","aviation-noniata","PUBLISHED","2025-02-24","Micaela Soto","8,227.40","ARS","1.00000","2025-02-14","false","false","EANA Central"
"JETSMART AIRLINES SPA-SUCURSAL ARGENTINA","Liq038246","2025-01-31","aviation-noniata","PUBLISHED","2025-02-24","Gonzalo Riccardi","576,346.39","USD","1.00000","2025-02-14","false","false","EANA Central"
"JETSMART AIRLINES SPA-SUCURSAL ARGENTINA","Liq038245","2025-01-31","aviation-noniata","PUBLISHED","2025-02-24","Gonzalo Riccardi","180,631.30","USD","1.00000","2025-02-14","false","false","EANA Central"
"SERVICIOS AEREOS PATAGONICOS","Liq038244","2025-01-31","aviation-noniata","PUBLISHED","2025-02-24","Gonzalo Riccardi","9,828.56","ARS","1.00000","2025-02-14","false","false","EANA Central"
"SKY AIRLINE","Liq038243","2025-01-31","aviation-noniata","PUBLISHED","2025-02-24","Gonzalo Riccardi","312,143.81","USD","1.00000","2025-02-14","false","false","EANA Central"
"LVCYQ","Liq038242","2025-01-31","aviation-noniata","PUBLISHED","2025-02-24","Micaela Soto","2,903.17","ARS","1.00000","2025-02-14","false","false","EANA Central"
"LVCTT","Liq038241","2025-01-31","aviation-noniata","PUBLISHED","2025-02-24","Micaela Soto","48.47","USD","1.00000","2025-02-14","false","false","EANA Central"
"SKY AIRLINE","Liq038240","2025-01-31","aviation-noniata","PUBLISHED","2025-02-24","Gonzalo Riccardi","860,934.85","USD","1.00000","2025-02-14","false","false","EANA Central"
"LVCMO","Liq038239","2025-01-31","aviation-noniata","PUBLISHED","2025-02-24","Micaela Soto","20,928.07","ARS","1.00000","2025-02-14","false","false","EANA Central"
"COMPAÑÍA DE AVIACIÓN PARAGUAYA S.A.","Liq038238","2025-01-31","aviation-noniata","PUBLISHED","2025-02-24","Gonzalo Riccardi","18,964.80","USD","1.00000","2025-02-14","false","false","EANA Central"
"COMPAÑÍA DE AVIACIÓN PARAGUAYA S.A.","Liq038237","2025-01-31","aviation-noniata","PUBLISHED","2025-02-24","Gonzalo Riccardi","39,473.35","USD","1.00000","2025-02-14","false","false","EANA Central"
"AEROMAS","Liq038236","2025-01-31","aviation-noniata","PUBLISHED","2025-02-24","Gonzalo Riccardi","1,513.25","USD","1.00000","2025-02-14","false","false","EANA Central"
"AEROMAS","Liq038235","2025-01-31","aviation-noniata","PUBLISHED","2025-02-24","Gonzalo Riccardi","1,055.62","USD","1.00000","2025-02-14","false","false","EANA Central"
"GOL LINHAS AEREAS S.A.","Liq038234","2025-01-31","aviation-noniata","PUBLISHED","2025-02-24","Gonzalo Riccardi","1,775.77","USD","1.00000","2025-02-14","false","false","EANA Central"
"GOL LINHAS AEREAS S.A.","Liq038233","2025-01-31","aviation-noniata","PUBLISHED","2025-02-24","Gonzalo Riccardi","422,044.74","USD","1.00000","2025-02-14","false","false","EANA Central"
"LVCCW","Liq038232","2025-01-31","aviation-noniata","PUBLISHED","2025-02-24","Micaela Soto","1,712.97","USD","1.00000","2025-02-14","false","false","EANA Central"
"LVCCW","Liq038231","2025-01-31","aviation-noniata","PUBLISHED","2025-02-24","Micaela Soto","7,743.30","ARS","1.00000","2025-02-14","false","false","EANA Central"
"ZPJYY","Liq038230","2025-01-31","aviation-noniata","PUBLISHED","2025-02-24","Gonzalo Riccardi","359.25","USD","1.00000","2025-02-14","false","false","EANA Central"
"ZPJYY","Liq038229","2025-01-31","aviation-noniata","PUBLISHED","2025-02-24","Gonzalo Riccardi","1,525.77","ARS","1.00000","2025-02-14","false","false","EANA Central"
"ZPGAM","Liq038228","2025-01-31","aviation-noniata","PUBLISHED","2025-02-24","Gonzalo Riccardi","413.46","ARS","1.00000","2025-02-14","false","false","EANA Central"
"ZPGAM","Liq038227","2025-01-31","aviation-noniata","PUBLISHED","2025-02-24","Gonzalo Riccardi","90.95","USD","1.00000","2025-02-14","false","false","EANA Central"
"IBERIA LINEAS AÉREAS DE ESPAÑA SOCIEDAD ANÓNIMA OPERADORA","Liq038226","2025-01-31","aviation-noniata","PUBLISHED","2025-02-24","Micaela Soto","378,641.78","USD","1.00000","2025-02-14","false","false","EANA Central"
"IBERIA LINEAS AÉREAS DE ESPAÑA SOCIEDAD ANÓNIMA OPERADORA","Liq038225","2025-01-31","aviation-noniata","PUBLISHED","2025-02-24","Micaela Soto","140,773.90","USD","1.00000","2025-02-14","false","false","EANA Central"
"LVCCS","Liq038224","2025-01-31","aviation-noniata","PUBLISHED","2025-02-24","Micaela Soto","4,559.58","ARS","1.00000","2025-02-14","false","false","EANA Central"
"LVBRE","Liq038223","2025-01-31","aviation-noniata","PUBLISHED","2025-02-24","Micaela Soto","1,033.64","USD","1.00000","2025-02-14","false","false","EANA Central"
"LVBRE","Liq038222","2025-01-31","aviation-noniata","PUBLISHED","2025-02-24","Micaela Soto","17,101.14","ARS","1.00000","2025-02-14","false","false","EANA Central"
"ZPBPJ","Liq038221","2025-01-31","aviation-noniata","PUBLISHED","2025-02-24","Gonzalo Riccardi","176.48","USD","1.00000","2025-02-14","false","false","EANA Central"
"XAORL","Liq038220","2025-01-31","aviation-noniata","PUBLISHED","2025-02-24","Gonzalo Riccardi","80.02","USD","1.00000","2025-02-14","false","false","EANA Central"
"PSHRS","Liq038219","2025-01-31","aviation-noniata","PUBLISHED","2025-02-24","Gonzalo Riccardi","26.12","USD","1.00000","2025-02-14","false","false","EANA Central"
"PRSMG","Liq038218","2025-01-31","aviation-noniata","PUBLISHED","2025-02-24","Gonzalo Riccardi","182.59","USD","1.00000","2025-02-14","false","false","EANA Central"
"PRDLN","Liq038217","2025-01-31","aviation-noniata","PUBLISHED","2025-02-24","Gonzalo Riccardi","261.05","USD","1.00000","2025-02-14","false","false","EANA Central"
"PRCBA","Liq038216","2025-01-31","aviation-noniata","PUBLISHED","2025-02-24","Gonzalo Riccardi","314.54","USD","1.00000","2025-02-14","false","false","EANA Central"
"LVBEU","Liq038215","2025-01-31","aviation-noniata","PUBLISHED","2025-02-24","Micaela Soto","378.28","USD","1.00000","2025-02-14","false","false","EANA Central"
"PRCBA","Liq038214","2025-01-31","aviation-noniata","PUBLISHED","2025-02-24","Gonzalo Riccardi","435.54","USD","1.00000","2025-02-14","false","false","EANA Central"
"LVBBG","Liq038213","2025-01-31","aviation-noniata","PUBLISHED","2025-02-24","Micaela Soto","7,314.44","ARS","1.00000","2025-02-14","false","false","EANA Central"
"LVARD","Liq038212","2025-01-31","aviation-noniata","PUBLISHED","2025-02-24","Micaela Soto","1,123.47","ARS","1.00000","2025-02-14","false","false","EANA Central"
"N922DN","Liq038211","2025-01-31","aviation-noniata","PUBLISHED","2025-02-24","Gonzalo Riccardi","64,254.90","ARS","1.00000","2025-02-14","false","false","EANA Central"
"N922DN","Liq038210","2025-01-31","aviation-noniata","PUBLISHED","2025-02-24","Gonzalo Riccardi","5,336.60","USD","1.00000","2025-02-14","false","false","EANA Central"
"ILUXO","Liq038209","2025-01-31","aviation-noniata","PUBLISHED","2025-02-24","Micaela Soto","1,748.64","USD","1.00000","2025-02-14","false","false","EANA Central"
"ILUXO","Liq038208","2025-01-31","aviation-noniata","PUBLISHED","2025-02-24","Micaela Soto","5,037.34","ARS","1.00000","2025-02-14","false","false","EANA Central"
"N89AA","Liq038207","2025-01-31","aviation-noniata","PUBLISHED","2025-02-24","Gonzalo Riccardi","873.77","USD","1.00000","2025-02-14","false","false","EANA Central"
"N887LL","Liq038206","2025-01-31","aviation-noniata","PUBLISHED","2025-02-24","Gonzalo Riccardi","89.15","USD","1.00000","2025-02-14","false","false","EANA Central"
"ECNXY","Liq038205","2025-01-31","aviation-noniata","PUBLISHED","2025-02-24","Micaela Soto","119.19","USD","1.00000","2025-02-14","false","false","EANA Central"
"CXTCS","Liq038204","2025-01-31","aviation-noniata","PUBLISHED","2025-02-24","Micaela Soto","71.72","USD","1.00000","2025-02-14","false","false","EANA Central"
"N887LL","Liq038203","2025-01-31","aviation-noniata","PUBLISHED","2025-02-24","Gonzalo Riccardi","378.00","USD","1.00000","2025-02-14","false","false","EANA Central"
"CXSTA","Liq038202","2025-01-31","aviation-noniata","PUBLISHED","2025-02-24","Micaela Soto","77.58","USD","1.00000","2025-02-14","false","false","EANA Central"
"CXPLE","Liq038201","2025-01-31","aviation-noniata","PUBLISHED","2025-02-24","Micaela Soto","23.91","USD","1.00000","2025-02-14","false","false","EANA Central"
"CXOTI","Liq038200","2025-01-31","aviation-noniata","PUBLISHED","2025-02-24","Micaela Soto","67.18","USD","1.00000","2025-02-14","false","false","EANA Central"
"N887LL","Liq038199","2025-01-31","aviation-noniata","PUBLISHED","2025-02-24","Gonzalo Riccardi","374.93","ARS","1.00000","2025-02-14","false","false","EANA Central"
"CXBID","Liq038198","2025-01-31","aviation-noniata","PUBLISHED","2025-02-24","Micaela Soto","68.39","USD","1.00000","2025-02-14","false","false","EANA Central"
"CXBID","Liq038197","2025-01-31","aviation-noniata","PUBLISHED","2025-02-24","Micaela Soto","192.80","ARS","1.00000","2025-02-14","false","false","EANA Central"
"N303CL","Liq038196","2025-01-31","aviation-noniata","PUBLISHED","2025-02-24","Gonzalo Riccardi","6,196.17","ARS","1.00000","2025-02-14","false","false","EANA Central"
"N303CL","Liq038195","2025-01-31","aviation-noniata","PUBLISHED","2025-02-24","Gonzalo Riccardi","1,607.29","USD","1.00000","2025-02-14","false","false","EANA Central"
"N278JA","Liq038194","2025-01-31","aviation-noniata","PUBLISHED","2025-02-24","Gonzalo Riccardi","99.54","USD","1.00000","2025-02-14","false","false","EANA Central"
"CXBEJ","Liq038193","2025-01-31","aviation-noniata","PUBLISHED","2025-02-24","Micaela Soto","33.37","USD","1.00000","2025-02-14","false","false","EANA Central"
"CXAVZ","Liq038192","2025-01-31","aviation-noniata","PUBLISHED","2025-02-24","Micaela Soto","4.66","USD","1.00000","2025-02-14","false","false","EANA Central"
"N754WC","Liq038191","2025-01-31","aviation-noniata","PUBLISHED","2025-02-24","Gonzalo Riccardi","1,195.04","ARS","1.00000","2025-02-14","false","false","EANA Central"
"N754WC","Liq038190","2025-01-31","aviation-noniata","PUBLISHED","2025-02-24","Gonzalo Riccardi","1,078.06","USD","1.00000","2025-02-14","false","false","EANA Central"
"CXAVZ","Liq038189","2025-01-31","aviation-noniata","PUBLISHED","2025-02-24","Micaela Soto","134.67","ARS","1.00000","2025-02-14","false","false","EANA Central"
"N685AB","Liq038188","2025-01-31","aviation-noniata","PUBLISHED","2025-02-24","Gonzalo Riccardi","135.99","USD","1.00000","2025-02-14","false","false","EANA Central"
"N600LJ","Liq038187","2025-01-31","aviation-noniata","PUBLISHED","2025-02-24","Gonzalo Riccardi","782.65","USD","1.00000","2025-02-14","false","false","EANA Central"
"CCDGO","Liq038186","2025-01-31","aviation-noniata","PUBLISHED","2025-02-24","Micaela Soto","65.79","USD","1.00000","2025-02-14","false","false","EANA Central"
"CCDGO","Liq038185","2025-01-31","aviation-noniata","PUBLISHED","2025-02-24","Micaela Soto","191.00","ARS","1.00000","2025-02-14","false","false","EANA Central"
"CCADB","Liq038184","2025-01-31","aviation-noniata","PUBLISHED","2025-02-24","Micaela Soto","417.39","USD","1.00000","2025-02-14","false","false","EANA Central"
"B3196","Liq038183","2025-01-31","aviation-noniata","PUBLISHED","2025-02-24","Micaela Soto","172.25","USD","1.00000","2025-02-14","false","false","EANA Central"
"N244JE","Liq038182","2025-01-31","aviation-noniata","PUBLISHED","2025-02-24","Gonzalo Riccardi","1,791.88","USD","1.00000","2025-02-14","false","false","EANA Central"
"N217CA","Liq038181","2025-01-31","aviation-noniata","PUBLISHED","2025-02-24","Gonzalo Riccardi","504.91","ARS","1.00000","2025-02-14","false","false","EANA Central"
"N208AW","Liq038180","2025-01-31","aviation-noniata","PUBLISHED","2025-02-24","Gonzalo Riccardi","165.06","ARS","1.00000","2025-02-14","false","false","EANA Central"
"N176TL","Liq038179","2025-01-31","aviation-noniata","PUBLISHED","2025-02-23","Gonzalo Riccardi","2,463.98","ARS","1.00000","2025-02-13","false","false","EANA Central"
"N176TL","Liq038178","2025-01-31","aviation-noniata","PUBLISHED","2025-02-23","Gonzalo Riccardi","108.85","USD","1.00000","2025-02-13","false","false","EANA Central"
"N121EF","Liq038177","2025-01-31","aviation-noniata","PUBLISHED","2025-02-23","Gonzalo Riccardi","1,655.26","USD","1.00000","2025-02-13","false","false","EANA Central"
"LVZXX","Liq038176","2025-01-31","aviation-noniata","PUBLISHED","2025-02-23","Gonzalo Riccardi","1,416.81","ARS","1.00000","2025-02-13","false","false","EANA Central"
"LVOSD","Liq038175","2025-01-31","aviation-noniata","PUBLISHED","2025-02-23","Gonzalo Riccardi","121.29","USD","1.00000","2025-02-13","false","false","EANA Central"
"LVOSD","Liq038174","2025-01-31","aviation-noniata","PUBLISHED","2025-02-23","Gonzalo Riccardi","3,016.77","ARS","1.00000","2025-02-13","false","false","EANA Central"
"LVJUP","Liq038173","2025-01-31","aviation-noniata","PUBLISHED","2025-02-23","Gonzalo Riccardi","324.71","USD","1.00000","2025-02-13","false","false","EANA Central"
"LVJUP","Liq038172","2025-01-31","aviation-noniata","PUBLISHED","2025-02-23","Gonzalo Riccardi","16,093.99","ARS","1.00000","2025-02-13","false","false","EANA Central"
"LVJQQ","Liq038171","2025-01-31","aviation-noniata","PUBLISHED","2025-02-23","Gonzalo Riccardi","489.66","ARS","1.00000","2025-02-13","false","false","EANA Central"
"LVHWY","Liq038170","2025-01-31","aviation-noniata","PUBLISHED","2025-02-23","Gonzalo Riccardi","71.89","ARS","1.00000","2025-02-13","false","false","EANA Central"
"LVCTF","Liq038169","2025-01-31","aviation-noniata","PUBLISHED","2025-02-23","Gonzalo Riccardi","299.22","USD","1.00000","2025-02-13","false","false","EANA Central"
"FHBQT","Liq038168","2025-01-31","aviation-noniata","PUBLISHED","2025-02-23","Gonzalo Riccardi","1,013.77","USD","1.00000","2025-02-13","false","false","EANA Central"
"FHBQT","Liq038167","2025-01-31","aviation-noniata","PUBLISHED","2025-02-23","Gonzalo Riccardi","474.09","USD","1.00000","2025-02-13","false","false","EANA Central"
"CCDJA","Liq038166","2025-01-31","aviation-noniata","PUBLISHED","2025-02-23","Gonzalo Riccardi","27.39","USD","1.00000","2025-02-13","false","false","EANA Central"
"UNITED AIRLINES INC. (EEUU)","Liq038165","2025-01-31","aviation-noniata","PUBLISHED","2025-02-23","Micaela Soto","480,647.11","USD","1.00000","2025-02-13","false","false","EANA Central"
"EXECAIRE","Liq038164","2025-01-31","aviation-noniata","PUBLISHED","2025-02-23","Gonzalo Riccardi","2,827.75","USD","1.00000","2025-02-13","false","false","EANA Central"
"EMIRATES AIRLINES","Liq038163","2025-01-31","aviation-noniata","PUBLISHED","2025-02-23","Gonzalo Riccardi","28,652.33","USD","1.00000","2025-02-13","false","false","EANA Central"
"EMES AIR SA","Liq038162","2025-01-31","aviation-noniata","PUBLISHED","2025-02-23","Gonzalo Riccardi","1,767.94","USD","1.00000","2025-02-13","false","false","EANA Central"
"EMES AIR SA","Liq038161","2025-01-31","aviation-noniata","PUBLISHED","2025-02-23","Gonzalo Riccardi","23,621.51","ARS","1.00000","2025-02-13","false","false","EANA Central"
"BRITISH AIRWAYS","Liq038160","2025-01-31","aviation-noniata","PUBLISHED","2025-02-23","Gonzalo Riccardi","33,925.12","USD","1.00000","2025-02-13","false","false","EANA Central"
"BRITISH AIRWAYS","Liq038159","2025-01-31","aviation-noniata","PUBLISHED","2025-02-23","Gonzalo Riccardi","40,404.20","USD","1.00000","2025-02-13","false","false","EANA Central"
"BRASIL VIDA TAXI AEREO LTDA","Liq038158","2025-01-31","aviation-noniata","PUBLISHED","2025-02-23","Gonzalo Riccardi","939.54","USD","1.00000","2025-02-13","false","false","EANA Central"
"BENAIR S.A.","Liq038157","2025-01-31","aviation-noniata","PUBLISHED","2025-02-23","Gonzalo Riccardi","738.68","USD","1.00000","2025-02-13","false","false","EANA Central"
"WORLDWIDE JET","Liq038156","2025-01-31","aviation-noniata","PUBLISHED","2025-02-23","Micaela Soto","434.48","USD","1.00000","2025-02-13","false","false","EANA Central"
"VISTAJET","Liq038155","2025-01-31","aviation-noniata","PUBLISHED","2025-02-23","Micaela Soto","202.52","USD","1.00000","2025-02-13","false","false","EANA Central"
"UNITED PARCEL SERVICE COMPANY","Liq038154","2025-01-31","aviation-noniata","PUBLISHED","2025-02-23","Micaela Soto","37,026.40","USD","1.00000","2025-02-13","false","false","EANA Central"
"TROPIC AIR TAXI AEREO","Liq038153","2025-01-31","aviation-noniata","PUBLISHED","2025-02-23","Veronica Villano","203.54","USD","1.00000","2025-02-13","false","false","EANA Central"
"TROPIC AIR TAXI AEREO","Liq038152","2025-01-31","aviation-noniata","PUBLISHED","2025-02-23","Veronica Villano","12.62","USD","1.00000","2025-02-13","false","false","EANA Central"
"SUNDOWN JET S.A.","Liq038151","2025-01-31","aviation-noniata","PUBLISHED","2025-02-23","Veronica Villano","5,560.56","USD","1.00000","2025-02-13","false","false","EANA Central"
"SUNDOWN JET S.A.","Liq038150","2025-01-31","aviation-noniata","PUBLISHED","2025-02-23","Veronica Villano","34,738.26","ARS","1.00000","2025-02-13","false","false","EANA Central"
"SUDFLUG S.A.","Liq038149","2025-01-31","aviation-noniata","PUBLISHED","2025-02-23","Veronica Villano","289.59","USD","1.00000","2025-02-13","false","false","EANA Central"
"SUDFLUG S.A.","Liq038148","2025-01-31","aviation-noniata","PUBLISHED","2025-02-23","Veronica Villano","2,326.12","ARS","1.00000","2025-02-13","false","false","EANA Central"
"SOLAIRUS AVIATION","Liq038147","2025-01-31","aviation-noniata","PUBLISHED","2025-02-23","Micaela Soto","1,323.30","USD","1.00000","2025-02-13","false","false","EANA Central"
"AIR TANKER SERVICES","Liq038146","2025-01-31","aviation-noniata","PUBLISHED","2025-02-23","Gonzalo Riccardi","76,476.39","USD","1.00000","2025-02-13","false","false","EANA Central"
"SOLAIRUS AVIATION","Liq038145","2025-01-31","aviation-noniata","PUBLISHED","2025-02-23","Micaela Soto","4,025.65","USD","1.00000","2025-02-13","false","false","EANA Central"
"SERVICIOS Y EMPRENDIMIENTOS AERONAUTICOS S.A.","Liq038144","2025-01-31","aviation-noniata","PUBLISHED","2025-02-23","Veronica Villano","1,350.38","USD","1.00000","2025-02-13","false","false","EANA Central"
"SOLAIRUS AVIATION","Liq038143","2025-01-31","aviation-noniata","PUBLISHED","2025-02-23","Micaela Soto","987.79","USD","1.00000","2025-02-13","false","false","EANA Central"
"SERVICIOS Y EMPRENDIMIENTOS AERONAUTICOS S.A.","Liq038142","2025-01-31","aviation-noniata","PUBLISHED","2025-02-23","Veronica Villano","6,903.39","USD","1.00000","2025-02-13","false","false","EANA Central"
"SALZBURG JET AVIATION","Liq038141","2025-01-31","aviation-noniata","PUBLISHED","2025-02-23","Micaela Soto","266.87","USD","1.00000","2025-02-13","false","false","EANA Central"
"SERVICIOS Y EMPRENDIMIENTOS AERONAUTICOS S.A.","Liq038140","2025-01-31","aviation-noniata","PUBLISHED","2025-02-23","Veronica Villano","58,563.88","ARS","1.00000","2025-02-13","false","false","EANA Central"
"SALZBURG JET AVIATION","Liq038139","2025-01-31","aviation-noniata","PUBLISHED","2025-02-23","Micaela Soto","735.81","USD","1.00000","2025-02-13","false","false","EANA Central"
"QATAR EXECUTIVE","Liq038138","2025-01-31","aviation-noniata","PUBLISHED","2025-02-23","Micaela Soto","6,517.88","USD","1.00000","2025-02-13","false","false","EANA Central"
"PATAGONIAN AIR S.A","Liq038137","2025-01-31","aviation-noniata","PUBLISHED","2025-02-23","Micaela Soto","399.48","USD","1.00000","2025-02-13","false","false","EANA Central"
"PATAGONIAN AIR S.A","Liq038136","2025-01-31","aviation-noniata","PUBLISHED","2025-02-23","Micaela Soto","21,527.03","ARS","1.00000","2025-02-13","false","false","EANA Central"
"PATAGONIA JET S.A.","Liq038135","2025-01-31","aviation-noniata","PUBLISHED","2025-02-23","Micaela Soto","1,039.09","USD","1.00000","2025-02-13","false","false","EANA Central"
"PATAGONIA JET S.A.","Liq038134","2025-01-31","aviation-noniata","PUBLISHED","2025-02-23","Micaela Soto","11,535.57","ARS","1.00000","2025-02-13","false","false","EANA Central"
"NETJETS AVIATION INC","Liq038133","2025-01-31","aviation-noniata","PUBLISHED","2025-02-23","Micaela Soto","35.69","USD","1.00000","2025-02-13","false","false","EANA Central"
"AIR FRANCE","Liq038132","2025-01-31","aviation-noniata","PUBLISHED","2025-02-23","Gonzalo Riccardi","35,105.06","USD","1.00000","2025-02-13","false","false","EANA Central"
"NETJETS AVIATION INC","Liq038131","2025-01-31","aviation-noniata","PUBLISHED","2025-02-23","Micaela Soto","3,363.91","USD","1.00000","2025-02-13","false","false","EANA Central"
"AIR FRANCE","Liq038130","2025-01-31","aviation-noniata","PUBLISHED","2025-02-23","Gonzalo Riccardi","87,374.87","USD","1.00000","2025-02-13","false","false","EANA Central"
"NETJETS AVIATION INC","Liq038129","2025-01-31","aviation-noniata","PUBLISHED","2025-02-23","Micaela Soto","78.06","USD","1.00000","2025-02-13","false","false","EANA Central"
"AIR EUROPA LINEAS AEREAS","Liq038128","2025-01-31","aviation-noniata","PUBLISHED","2025-02-23","Gonzalo Riccardi","511.24","USD","1.00000","2025-02-13","false","false","EANA Central"
"PUYEL S.A","Liq038127","2025-01-31","aviation-noniata","PUBLISHED","2025-02-23","Veronica Villano","7,552.62","ARS","1.00000","2025-02-13","false","false","EANA Central"
"PRIME JETS","Liq038126","2025-01-31","aviation-noniata","PUBLISHED","2025-02-23","Veronica Villano","3,307.46","USD","1.00000","2025-02-13","false","false","EANA Central"
"NOMAD AVIATION","Liq038125","2025-01-31","aviation-noniata","PUBLISHED","2025-02-23","Veronica Villano","59.63","USD","1.00000","2025-02-13","false","false","EANA Central"
"AIR EUROPA LINEAS AEREAS","Liq038124","2025-01-31","aviation-noniata","PUBLISHED","2025-02-23","Gonzalo Riccardi","93,138.78","USD","1.00000","2025-02-13","false","false","EANA Central"
"NOMAD AVIATION","Liq038123","2025-01-31","aviation-noniata","PUBLISHED","2025-02-23","Veronica Villano","1,367.09","USD","1.00000","2025-02-13","false","false","EANA Central"
"JET ICU","Liq038122","2025-01-31","aviation-noniata","PUBLISHED","2025-02-23","Veronica Villano","881.42","USD","1.00000","2025-02-13","false","false","EANA Central"
"KOREAN AIR","Liq038121","2025-01-31","aviation-noniata","PUBLISHED","2025-02-23","Micaela Soto","36,077.04","USD","1.00000","2025-02-13","false","false","EANA Central"
"JET AVIATION LLC","Liq038120","2025-01-31","aviation-noniata","PUBLISHED","2025-02-23","Veronica Villano","5,248.05","USD","1.00000","2025-02-13","false","false","EANA Central"
"JET AVIATION LLC","Liq038119","2025-01-31","aviation-noniata","PUBLISHED","2025-02-23","Veronica Villano","734.07","USD","1.00000","2025-02-13","false","false","EANA Central"
"ITA AIRWAYS","Liq038118","2025-01-31","aviation-noniata","PUBLISHED","2025-02-23","Veronica Villano","37,976.08","USD","1.00000","2025-02-13","false","false","EANA Central"
"INTERNATIONAL HEALTH SERVICES ARGENTINA S.A.","Liq038117","2025-01-31","aviation-noniata","PUBLISHED","2025-02-23","Veronica Villano","607.28","USD","1.00000","2025-02-13","false","false","EANA Central"
"INTERNATIONAL HEALTH SERVICES ARGENTINA S.A.","Liq038116","2025-01-31","aviation-noniata","PUBLISHED","2025-02-23","Veronica Villano","4,893.11","ARS","1.00000","2025-02-13","false","false","EANA Central"
"FLYING SERVICE","Liq038115","2025-01-31","aviation-noniata","PUBLISHED","2025-02-23","Veronica Villano","1,627.49","USD","1.00000","2025-02-13","false","false","EANA Central"
"EXCEL SERVICIOS AEREOS S.A.","Liq038114","2025-01-31","aviation-noniata","PUBLISHED","2025-02-23","Veronica Villano","195.50","USD","1.00000","2025-02-13","false","false","EANA Central"
"EXCEL SERVICIOS AEREOS S.A.","Liq038113","2025-01-31","aviation-noniata","PUBLISHED","2025-02-23","Veronica Villano","3,693.81","USD","1.00000","2025-02-13","false","false","EANA Central"
"EXCEL SERVICIOS AEREOS S.A.","Liq038112","2025-01-31","aviation-noniata","PUBLISHED","2025-02-23","Veronica Villano","10,847.49","ARS","1.00000","2025-02-13","false","false","EANA Central"
"BROKER AIR SA","Liq038111","2025-01-31","aviation-noniata","PUBLISHED","2025-02-23","Veronica Villano","11,126.01","ARS","1.00000","2025-02-13","false","false","EANA Central"
"AIR CUYO S.A.","Liq038110","2025-01-31","aviation-noniata","PUBLISHED","2025-02-23","Gonzalo Riccardi","12,431.70","ARS","1.00000","2025-02-13","false","false","EANA Central"
"BRASIL JATO TAXI AEREO","Liq038109","2025-01-31","aviation-noniata","PUBLISHED","2025-02-23","Veronica Villano","148.11","USD","1.00000","2025-02-13","false","false","EANA Central"
"KLM COMPAÑIA REAL HOLANDESA DE AVIACIÓN","Liq038108","2025-01-31","aviation-noniata","PUBLISHED","2025-02-23","Micaela Soto","2,176.20","USD","1.00000","2025-02-13","false","false","EANA Central"
"AIR CANADA","Liq038107","2025-01-31","aviation-noniata","PUBLISHED","2025-02-23","Gonzalo Riccardi","32,445.77","USD","1.00000","2025-02-13","false","false","EANA Central"
"KLM COMPAÑIA REAL HOLANDESA DE AVIACIÓN","Liq038106","2025-01-31","aviation-noniata","PUBLISHED","2025-02-23","Micaela Soto","211,211.45","USD","1.00000","2025-02-13","false","false","EANA Central"
"AEROVIAS DE MEXICO - AEROMEXICO","Liq038105","2025-01-31","aviation-noniata","PUBLISHED","2025-02-23","Gonzalo Riccardi","257,843.37","USD","1.00000","2025-02-13","false","false","EANA Central"
"AEROCARDAL","Liq038104","2025-01-31","aviation-noniata","PUBLISHED","2025-02-23","Gonzalo Riccardi","320.05","USD","1.00000","2025-02-13","false","false","EANA Central"
"JUST FLIGHT S.A.","Liq038103","2025-01-31","aviation-noniata","PUBLISHED","2025-02-23","Micaela Soto","4,008.87","USD","1.00000","2025-02-13","false","false","EANA Central"
"JUST FLIGHT S.A.","Liq038102","2025-01-31","aviation-noniata","PUBLISHED","2025-02-23","Micaela Soto","31,682.96","ARS","1.00000","2025-02-13","false","false","EANA Central"
"AEROCARDAL","Liq038101","2025-01-31","aviation-noniata","PUBLISHED","2025-02-23","Gonzalo Riccardi","455.19","USD","1.00000","2025-02-13","false","false","EANA Central"
"AEROCARDAL","Liq038100","2025-01-31","aviation-noniata","PUBLISHED","2025-02-23","Gonzalo Riccardi","1,331.51","USD","1.00000","2025-02-13","false","false","EANA Central"
"ACM AIR CHARTER","Liq038099","2025-01-31","aviation-noniata","PUBLISHED","2025-02-23","Gonzalo Riccardi","4,614.18","USD","1.00000","2025-02-13","false","false","EANA Central"
"ACM AIR CHARTER","Liq038098","2025-01-31","aviation-noniata","PUBLISHED","2025-02-23","Gonzalo Riccardi","1,147.33","USD","1.00000","2025-02-13","false","false","EANA Central"
"HELIDOSA AVIATION GROUP","Liq038097","2025-01-31","aviation-noniata","PUBLISHED","2025-02-23","Micaela Soto","943.24","USD","1.00000","2025-02-13","false","false","EANA Central"
"AEROVIDA S.A.","Liq038096","2025-01-31","aviation-noniata","PUBLISHED","2025-02-23","Gonzalo Riccardi","153.53","USD","1.00000","2025-02-13","false","false","EANA Central"
"GESTAIR","Liq038095","2025-01-31","aviation-noniata","PUBLISHED","2025-02-23","Micaela Soto","172.25","USD","1.00000","2025-02-13","false","false","EANA Central"
"AEROVIDA S.A.","Liq038094","2025-01-31","aviation-noniata","PUBLISHED","2025-02-23","Gonzalo Riccardi","33,821.99","ARS","1.00000","2025-02-13","false","false","EANA Central"
"FEDERAL EXPRESS","Liq038093","2025-01-31","aviation-noniata","PUBLISHED","2025-02-23","Micaela Soto","123,092.01","USD","1.00000","2025-02-13","false","false","EANA Central"
"WIND CRUISER S.A.","Liq038092","2025-01-31","aviation-noniata","PUBLISHED","2025-02-23","Micaela Soto","2,981.19","ARS","1.00000","2025-02-13","false","false","EANA Central"
"TAXI AEREO HERCULES","Liq038091","2025-01-31","aviation-noniata","PUBLISHED","2025-02-23","Micaela Soto","51.86","USD","1.00000","2025-02-13","false","false","EANA Central"
"SETE TAXI AEREO","Liq038090","2025-01-31","aviation-noniata","PUBLISHED","2025-02-23","Micaela Soto","47.93","USD","1.00000","2025-02-13","false","false","EANA Central"
"SETE TAXI AEREO","Liq038089","2025-01-31","aviation-noniata","PUBLISHED","2025-02-23","Micaela Soto","49.97","USD","1.00000","2025-02-13","false","false","EANA Central"
"PRESIDENTIAL AVIATION","Liq038088","2025-01-31","aviation-noniata","PUBLISHED","2025-02-23","Micaela Soto","148.41","USD","1.00000","2025-02-13","false","false","EANA Central"
"PACIFIC OCEAN S.A.","Liq038087","2025-01-31","aviation-noniata","PUBLISHED","2025-02-23","Micaela Soto","561.71","USD","1.00000","2025-02-13","false","false","EANA Central"
"PACIFIC OCEAN S.A.","Liq038086","2025-01-31","aviation-noniata","PUBLISHED","2025-02-23","Micaela Soto","10,156.25","USD","1.00000","2025-02-13","false","false","EANA Central"
"PACIFIC OCEAN S.A.","Liq038085","2025-01-31","aviation-noniata","PUBLISHED","2025-02-23","Micaela Soto","76,619.77","ARS","1.00000","2025-02-13","false","false","EANA Central"
"BARRACO AIR SPA","Liq038084","2025-01-31","aviation-noniata","PUBLISHED","2025-02-22","Veronica Villano","76.46","USD","1.00000","2025-02-12","false","false","EANA Central"
"ARAJET SA","Liq038083","2025-01-31","aviation-noniata","PUBLISHED","2025-02-22","Veronica Villano","106,873.89","USD","1.00000","2025-02-12","false","false","EANA Central"
"AMERICAN LOGISTIC S.A.","Liq038082","2025-01-31","aviation-noniata","PUBLISHED","2025-02-22","Veronica Villano","723.05","USD","1.00000","2025-02-12","false","false","EANA Central"
"COMPAÑIA PANAMEÑA DE AVIACION","Liq038081","2025-01-31","aviation-noniata","PUBLISHED","2025-02-22","Veronica Villano","246,642.20","USD","1.00000","2025-02-12","false","false","EANA Central"
"COMPAÑIA PANAMEÑA DE AVIACION","Liq038080","2025-01-31","aviation-noniata","PUBLISHED","2025-02-22","Veronica Villano","851,408.92","USD","1.00000","2025-02-12","false","false","EANA Central"
"COMPAÑIA PANAMEÑA DE AVIACION","Liq038079","2025-01-31","aviation-noniata","PUBLISHED","2025-02-22","Veronica Villano","1,351.57","USD","1.00000","2025-02-12","false","false","EANA Central"
"BOLIVIANA DE AVIACIÓN - S.E.","Liq038078","2025-01-31","aviation-noniata","PUBLISHED","2025-02-22","Veronica Villano","208,331.76","USD","1.00000","2025-02-12","false","false","EANA Central"
"AMERICAN AIRLINES INC.","Liq038077","2025-01-31","aviation-noniata","PUBLISHED","2025-02-22","Veronica Villano","101,978.41","USD","1.00000","2025-02-12","false","false","EANA Central"
"AMERICAN AIRLINES INC.","Liq038076","2025-01-31","aviation-noniata","PUBLISHED","2025-02-22","Veronica Villano","1,060,604.16","USD","1.00000","2025-02-12","false","false","EANA Central"
"ALBA JET S.A.","Liq038075","2025-01-31","aviation-noniata","PUBLISHED","2025-02-22","Veronica Villano","318.46","USD","1.00000","2025-02-12","false","false","EANA Central"
"ALBA JET S.A.","Liq038074","2025-01-31","aviation-noniata","PUBLISHED","2025-02-22","Veronica Villano","17,881.63","ARS","1.00000","2025-02-12","false","false","EANA Central"
"MILENIUM AIR S.A.","Liq038073","2025-01-31","aviation-noniata","PUBLISHED","2025-02-22","Gonzalo Riccardi","22,331.60","ARS","1.00000","2025-02-12","false","false","EANA Central"
"TRANSPORTES AÉREOS DEL MERCOSUR","Liq038072","2025-01-31","aviation-noniata","PUBLISHED","2025-02-22","Veronica Villano","104,286.61","USD","1.00000","2025-02-12","false","false","EANA Central"
"TAM - LINHAS AEREAS S.A.","Liq038071","2025-01-31","aviation-noniata","PUBLISHED","2025-02-22","Veronica Villano","931,408.01","USD","1.00000","2025-02-12","false","false","EANA Central"
"TAM - LINHAS AEREAS S.A.","Liq038070","2025-01-31","aviation-noniata","PUBLISHED","2025-02-22","Veronica Villano","98,248.73","USD","1.00000","2025-02-12","false","false","EANA Central"
"LAN PERU","Liq038069","2025-01-31","aviation-noniata","PUBLISHED","2025-02-22","Veronica Villano","125,074.01","USD","1.00000","2025-02-12","false","false","EANA Central"
"LAN PERU","Liq038068","2025-01-31","aviation-noniata","PUBLISHED","2025-02-22","Veronica Villano","536,444.15","USD","1.00000","2025-02-12","false","false","EANA Central"
"LAN PERU","Liq038067","2025-01-31","aviation-noniata","PUBLISHED","2025-02-22","Veronica Villano","128.75","USD","1.00000","2025-02-12","false","false","EANA Central"
"AMERICAN JET S.A.","Liq038066","2025-01-31","aviation-noniata","PUBLISHED","2025-02-22","Gonzalo Riccardi","125,759.60","ARS","1.00000","2025-02-12","false","false","EANA Central"
"LAN AIRLINES S.A.","Liq038065","2025-01-31","aviation-noniata","PUBLISHED","2025-02-22","Veronica Villano","1,987,998.79","USD","1.00000","2025-02-12","false","false","EANA Central"
"LAN AIRLINES S.A.","Liq038064","2025-01-31","aviation-noniata","PUBLISHED","2025-02-22","Veronica Villano","796,853.62","USD","1.00000","2025-02-12","false","false","EANA Central"
"MD FLY S.A.","Liq038063","2025-01-31","aviation-noniata","PUBLISHED","2025-02-22","Micaela Soto","174.13","USD","1.00000","2025-02-12","false","false","EANA Central"
"ALAS DEL FIN DEL MUNDO SRL","Liq038062","2025-01-31","aviation-noniata","PUBLISHED","2025-02-22","Veronica Villano","15,000.08","ARS","1.00000","2025-02-12","false","false","EANA Central"
"ALABE SERVICIOS AEREOS S.R.L.","Liq038061","2025-01-31","aviation-noniata","PUBLISHED","2025-02-22","Veronica Villano","48.47","USD","1.00000","2025-02-12","false","false","EANA Central"
"AMERICAN JET S.A.","Liq038060","2025-01-31","aviation-noniata","PUBLISHED","2025-02-22","Gonzalo Riccardi","422.01","USD","1.00000","2025-02-12","false","false","EANA Central"
"GRUPO IMAS S.A.","Liq038059","2025-01-31","aviation-noniata","PUBLISHED","2025-02-22","Gonzalo Riccardi","681.51","USD","1.00000","2025-02-12","false","false","EANA Central"
"GRUPO IMAS S.A.","Liq038058","2025-01-31","aviation-noniata","PUBLISHED","2025-02-22","Gonzalo Riccardi","45,334.57","ARS","1.00000","2025-02-12","false","false","EANA Central"
"ALABE SERVICIOS AEREOS S.R.L.","Liq038057","2025-01-31","aviation-noniata","PUBLISHED","2025-02-22","Veronica Villano","215.58","USD","1.00000","2025-02-12","false","false","EANA Central"
"ALABE SERVICIOS AEREOS S.R.L.","Liq038056","2025-01-31","aviation-noniata","PUBLISHED","2025-02-22","Veronica Villano","282.37","USD","1.00000","2025-02-12","false","false","EANA Central"
"DELTA AIRLINES","Liq038055","2025-01-31","aviation-noniata","PUBLISHED","2025-02-22","Gonzalo Riccardi","440,291.60","USD","1.00000","2025-02-12","false","false","EANA Central"
"AERORUTAS S.A. DE TRANSP. AER","Liq038054","2025-01-31","aviation-noniata","PUBLISHED","2025-02-22","Gonzalo Riccardi","512.12","USD","1.00000","2025-02-12","false","false","EANA Central"
"AERORUTAS S.A. DE TRANSP. AER","Liq038053","2025-01-31","aviation-noniata","PUBLISHED","2025-02-22","Gonzalo Riccardi","32,885.88","ARS","1.00000","2025-02-12","false","false","EANA Central"
"TURKISH AIRLINES CO.","Liq038052","2025-01-31","aviation-noniata","PUBLISHED","2025-02-22","Gonzalo Riccardi","129,535.71","USD","1.00000","2025-02-12","false","false","EANA Central"
"TURKISH AIRLINES CO.","Liq038051","2025-01-31","aviation-noniata","PUBLISHED","2025-02-22","Gonzalo Riccardi","32,143.49","USD","1.00000","2025-02-12","false","false","EANA Central"
"MD FLY S.A.","Liq038050","2025-01-31","aviation-noniata","PUBLISHED","2025-02-22","Micaela Soto","1,310.11","ARS","1.00000","2025-02-12","false","false","EANA Central"
"TAMPA CARGO S.A.","Liq038049","2025-01-31","aviation-noniata","PUBLISHED","2025-02-22","Gonzalo Riccardi","62,804.92","USD","1.00000","2025-02-12","false","false","EANA Central"
"TAMPA CARGO S.A.","Liq038048","2025-01-31","aviation-noniata","PUBLISHED","2025-02-22","Gonzalo Riccardi","19,779.16","USD","1.00000","2025-02-12","false","false","EANA Central"
"LIMA VICTOR S.A.","Liq038047","2025-01-31","aviation-noniata","PUBLISHED","2025-02-22","Micaela Soto","9,812.51","ARS","1.00000","2025-02-12","false","false","EANA Central"
"INVERSIONES PUNTA BRAVA S.A","Liq038046","2025-01-31","aviation-noniata","PUBLISHED","2025-02-22","Micaela Soto","501.46","USD","1.00000","2025-02-12","false","false","EANA Central"
"INVERSIONES PUNTA BRAVA S.A","Liq038045","2025-01-31","aviation-noniata","PUBLISHED","2025-02-22","Micaela Soto","784.55","USD","1.00000","2025-02-12","false","false","EANA Central"
"HELISTAR SAS","Liq038044","2025-01-31","aviation-noniata","PUBLISHED","2025-02-22","Gonzalo Riccardi","993.42","USD","1.00000","2025-02-12","false","false","EANA Central"
"HELISTAR SAS","Liq038043","2025-01-31","aviation-noniata","PUBLISHED","2025-02-22","Gonzalo Riccardi","1,615.52","USD","1.00000","2025-02-12","false","false","EANA Central"
"FLEXJET OPERATIONS MALTA","Liq038042","2025-01-31","aviation-noniata","PUBLISHED","2025-02-22","Micaela Soto","1,338.04","USD","1.00000","2025-02-12","false","false","EANA Central"
"AEROTRUST SERVICIO LIMITADA","Liq038041","2025-01-31","aviation-noniata","PUBLISHED","2025-02-22","Veronica Villano","631.02","USD","1.00000","2025-02-12","false","false","EANA Central"
"AERONAUTICA BARON LTDA","Liq038040","2025-01-31","aviation-noniata","PUBLISHED","2025-02-22","Veronica Villano","49.50","USD","1.00000","2025-02-12","false","false","EANA Central"
"ATLAS AIR","Liq038039","2025-01-31","aviation-noniata","PUBLISHED","2025-02-22","Gonzalo Riccardi","135,070.74","USD","1.00000","2025-02-12","false","false","EANA Central"
"AEROMAX S.A.","Liq038038","2025-01-31","aviation-noniata","PUBLISHED","2025-02-22","Veronica Villano","315.74","USD","1.00000","2025-02-12","false","false","EANA Central"
"ATLAS AIR","Liq038037","2025-01-31","aviation-noniata","PUBLISHED","2025-02-22","Gonzalo Riccardi","84,140.59","USD","1.00000","2025-02-12","false","false","EANA Central"
"AEROMAX S.A.","Liq038036","2025-01-31","aviation-noniata","PUBLISHED","2025-02-22","Veronica Villano","2,307.38","ARS","1.00000","2025-02-12","false","false","EANA Central"
"FLEXJET","Liq038035","2025-01-31","aviation-noniata","PUBLISHED","2025-02-22","Micaela Soto","886.82","USD","1.00000","2025-02-12","false","false","EANA Central"
"FLEXJET","Liq038034","2025-01-31","aviation-noniata","PUBLISHED","2025-02-22","Micaela Soto","1,949.54","USD","1.00000","2025-02-12","false","false","EANA Central"
"FLEXJET","Liq038033","2025-01-31","aviation-noniata","PUBLISHED","2025-02-22","Micaela Soto","297.38","USD","1.00000","2025-02-12","false","false","EANA Central"
"AEROLANE LÍNEAS AÉREAS NACIONALES DEL ECUADOR S.A. - SUCURSAL ARGENTINA","Liq038032","2025-01-31","aviation-noniata","PUBLISHED","2025-02-22","Veronica Villano","105,386.26","USD","1.00000","2025-02-12","false","false","EANA Central"
"EXECUTIVE JET MANAGEMENT INC.","Liq038031","2025-01-31","aviation-noniata","PUBLISHED","2025-02-22","Micaela Soto","3,530.87","USD","1.00000","2025-02-12","false","false","EANA Central"
"SERVICIOS AEREOS PATAGONICOS","Liq038030","2025-01-31","aviation-noniata","PUBLISHED","2025-02-22","Gonzalo Riccardi","78.64","USD","1.00000","2025-02-12","false","false","EANA Central"
"AERO TAX S.A.","Liq038029","2025-01-31","aviation-noniata","PUBLISHED","2025-02-22","Veronica Villano","281.57","USD","1.00000","2025-02-12","false","false","EANA Central"
"ACI JET","Liq038028","2025-01-31","aviation-noniata","PUBLISHED","2025-02-22","Veronica Villano","2,179.58","USD","1.00000","2025-02-12","false","false","EANA Central"
"ACI JET","Liq038027","2025-01-31","aviation-noniata","PUBLISHED","2025-02-22","Veronica Villano","2,684.25","USD","1.00000","2025-02-12","false","false","EANA Central"
"ACI JET","Liq038026","2025-01-31","aviation-noniata","PUBLISHED","2025-02-22","Veronica Villano","1,873.70","USD","1.00000","2025-02-12","false","false","EANA Central"
"LUFTHANSA","Liq038025","2025-01-31","aviation-noniata","PUBLISHED","2025-02-22","Gonzalo Riccardi","47,658.96","USD","1.00000","2025-02-12","false","false","EANA Central"
"AAXOD S.A.","Liq038024","2025-01-31","aviation-noniata","PUBLISHED","2025-02-22","Veronica Villano","152.17","USD","1.00000","2025-02-12","false","false","EANA Central"
"DIGITAL AIR TAXI S.A.","Liq038023","2025-01-31","aviation-noniata","PUBLISHED","2025-02-22","Micaela Soto","70.46","USD","1.00000","2025-02-12","false","false","EANA Central"
"AAXOD S.A.","Liq038022","2025-01-31","aviation-noniata","PUBLISHED","2025-02-22","Veronica Villano","1,091.39","ARS","1.00000","2025-02-12","false","false","EANA Central"
"DIGITAL AIR TAXI S.A.","Liq038021","2025-01-31","aviation-noniata","PUBLISHED","2025-02-22","Micaela Soto","4,587.14","ARS","1.00000","2025-02-12","false","false","EANA Central"
"CHEYENNE S.A","Liq038020","2025-01-31","aviation-noniata","PUBLISHED","2025-02-22","Micaela Soto","108.77","USD","1.00000","2025-02-12","false","false","EANA Central"
"CHEYENNE S.A","Liq038019","2025-01-31","aviation-noniata","PUBLISHED","2025-02-22","Micaela Soto","20,385.09","ARS","1.00000","2025-02-12","false","false","EANA Central"
"BESTFLY ARUBA","Liq038018","2025-01-31","aviation-noniata","PUBLISHED","2025-02-22","Micaela Soto","1,447.71","USD","1.00000","2025-02-12","false","false","EANA Central"
"AVION SUR SA","Liq038017","2025-01-31","aviation-noniata","PUBLISHED","2025-02-22","Micaela Soto","1,796.18","USD","1.00000","2025-02-12","false","false","EANA Central"
"AVION SUR SA","Liq038016","2025-01-31","aviation-noniata","PUBLISHED","2025-02-22","Micaela Soto","15,976.00","ARS","1.00000","2025-02-12","false","false","EANA Central"
"AVIASUR CHARTER","Liq038015","2025-01-31","aviation-noniata","PUBLISHED","2025-02-22","Micaela Soto","330.97","USD","1.00000","2025-02-12","false","false","EANA Central"
"AVIASUR CHARTER","Liq038014","2025-01-31","aviation-noniata","PUBLISHED","2025-02-22","Micaela Soto","1,794.15","USD","1.00000","2025-02-12","false","false","EANA Central"
"LUFTHANSA CARGO","Liq038013","2025-01-31","aviation-noniata","PUBLISHED","2025-02-22","Gonzalo Riccardi","4,882.84","USD","1.00000","2025-02-12","false","false","EANA Central"
"DHL AERO EXPRESO S.A.","Liq038012","2025-01-31","aviation-noniata","PUBLISHED","2025-02-22","Gonzalo Riccardi","147,577.33","USD","1.00000","2025-02-12","false","false","EANA Central"
"SKY AIRLINE PERÚ","Liq038011","2025-01-31","aviation-noniata","PUBLISHED","2025-02-22","Gonzalo Riccardi","53,334.08","USD","1.00000","2025-02-12","false","false","EANA Central"
"SERVICIOS AEREOS SUDAMERICANOS","Liq038010","2025-01-31","aviation-noniata","PUBLISHED","2025-02-22","Gonzalo Riccardi","401.32","USD","1.00000","2025-02-12","false","false","EANA Central"
"JET CLIPPER S.A.","Liq038009","2025-01-31","aviation-noniata","PUBLISHED","2025-02-22","Gonzalo Riccardi","484.13","USD","1.00000","2025-02-12","false","false","EANA Central"
"JET CLIPPER S.A.","Liq038008","2025-01-31","aviation-noniata","PUBLISHED","2025-02-22","Gonzalo Riccardi","766.01","ARS","1.00000","2025-02-12","false","false","EANA Central"
"INTERNATIONAL JET MANAGEMENT","Liq038007","2025-01-31","aviation-noniata","PUBLISHED","2025-02-22","Gonzalo Riccardi","395.67","USD","1.00000","2025-02-12","false","false","EANA Central"
"FAI RENT-A-JET GMBH","Liq038006","2025-01-31","aviation-noniata","PUBLISHED","2025-02-22","Gonzalo Riccardi","144.36","USD","1.00000","2025-02-12","false","false","EANA Central"
"ETHIOPIAN AIRLINES ENTERPRISE","Liq038005","2025-01-31","aviation-noniata","PUBLISHED","2025-02-22","Gonzalo Riccardi","36,661.08","USD","1.00000","2025-02-12","false","false","EANA Central"
"AVION EXPRESS MALTA","Liq038004","2025-01-31","aviation-noniata","PUBLISHED","2025-02-22","Gonzalo Riccardi","124.73","USD","1.00000","2025-02-12","false","false","EANA Central"
"AVIANCA ECUADOR","Liq038003","2025-01-31","aviation-noniata","PUBLISHED","2025-02-22","Gonzalo Riccardi","51,870.93","USD","1.00000","2025-02-12","false","false","EANA Central"
"AVIANCA COSTA RICA SUCURSAL ARGENTINA","Liq038002","2025-01-31","aviation-noniata","PUBLISHED","2025-02-22","Gonzalo Riccardi","126,716.17","USD","1.00000","2025-02-12","false","false","EANA Central"
"AVIANCA AEROVIAS NACIONALES DE COLOMBIA","Liq038001","2025-01-31","aviation-noniata","PUBLISHED","2025-02-22","Gonzalo Riccardi","19,192.69","USD","1.00000","2025-02-12","false","false","EANA Central"
"AVIANCA AEROVIAS NACIONALES DE COLOMBIA","Liq038000","2025-01-31","aviation-noniata","PUBLISHED","2025-02-22","Gonzalo Riccardi","540,448.63","USD","1.00000","2025-02-12","false","false","EANA Central"
"AXIS AVIATION SWITZERLAND AG","Liq037998","2025-01-30","non-aviation","PUBLISHED","2025-02-09","Veronica Villano","1,106.16","USD","1.00000","2025-01-30","false","false","EANA Central"
"LVIAQ","Liq037997","2025-01-23","non-aviation","PUBLISHED","2025-02-02","Veronica Villano","532.12","ARS","0.00095","2025-01-23","false","false","EANA Central"
"N176HS","Liq037996","2025-01-20","non-aviation","PUBLISHED","2025-01-30","Micaela Soto","2,717.54","USD","1.00000","2025-01-20","false","false","EANA Central"
"N585JC","Liq037995","2025-01-20","non-aviation","PUBLISHED","2025-01-30","Micaela Soto","2,577.99","USD","1.00000","2025-01-20","false","false","EANA Central"
"JET CLIPPER S.A.","Liq037993","2025-01-17","non-aviation","PUBLISHED","2025-01-27","Gonzalo Riccardi","1,463.03","ARS","0.00095","2025-01-17","false","false","EANA Central"
"SERVICIOS AEREOS SUDAMERICANOS","Liq037991","2025-01-14","non-aviation","PUBLISHED","2025-01-24","Gonzalo Riccardi","15,527.79","ARS","0.00095","2025-01-14","false","false","EANA Central"
"N888HE","Liq037402","2025-01-09","non-aviation","PUBLISHED","2025-01-19","Martin Andres Almeida","2,425.56","USD","1.00000","2025-01-09","false","false","EANA Central"
"AEROVIAS DAP","Liq037400","2025-01-08","non-aviation","PUBLISHED","2025-01-18","Veronica Villano","4,857.56","USD","1.00000","2025-01-08","false","false","EANA Central"
